Time Stamp, Pressure [Pa], SystemState, Alarm State 
Thu 2020-05-07 01:59:14.250 CEST,9120281,7,0
Thu 2020-05-07 01:59:14.500 CEST,9119097,7,0
Thu 2020-05-07 01:59:14.750 CEST,9120266,7,0
Thu 2020-05-07 01:59:15.0 CEST,9119630,7,0
Thu 2020-05-07 01:59:15.250 CEST,9118556,7,0
Thu 2020-05-07 01:59:15.500 CEST,9119597,7,0
Thu 2020-05-07 01:59:15.750 CEST,9120073,7,0
Thu 2020-05-07 01:59:16.0 CEST,9119779,7,0
Thu 2020-05-07 01:59:16.250 CEST,9119710,7,0
Thu 2020-05-07 01:59:16.500 CEST,9119161,7,0
Thu 2020-05-07 01:59:16.750 CEST,9120182,7,0
Thu 2020-05-07 01:59:17.0 CEST,9119159,7,0
Thu 2020-05-07 01:59:17.250 CEST,9118178,7,0
Thu 2020-05-07 01:59:17.500 CEST,9117285,7,0
Thu 2020-05-07 01:59:17.750 CEST,9116707,7,0
Thu 2020-05-07 01:59:18.0 CEST,9117716,7,0
Thu 2020-05-07 01:59:18.250 CEST,9118160,7,0
Thu 2020-05-07 01:59:18.500 CEST,9119227,7,0
Thu 2020-05-07 01:59:18.750 CEST,9119294,7,0
Thu 2020-05-07 01:59:19.0 CEST,9118563,7,0
Thu 2020-05-07 01:59:19.250 CEST,9117932,7,0
Thu 2020-05-07 01:59:19.500 CEST,9118943,7,0
Thu 2020-05-07 01:59:19.750 CEST,9118335,7,0
Thu 2020-05-07 01:59:20.0 CEST,9118278,7,0
Thu 2020-05-07 01:59:20.250 CEST,9117154,7,0
Thu 2020-05-07 01:59:20.500 CEST,9116928,7,0
Thu 2020-05-07 01:59:20.750 CEST,9117277,7,0
Thu 2020-05-07 01:59:21.0 CEST,9117309,7,0
Thu 2020-05-07 01:59:21.250 CEST,9117784,7,0
Thu 2020-05-07 01:59:21.500 CEST,9117878,7,0
Thu 2020-05-07 01:59:21.750 CEST,9117757,7,0
Thu 2020-05-07 01:59:22.0 CEST,9118062,7,0
Thu 2020-05-07 01:59:22.250 CEST,9118172,7,0
Thu 2020-05-07 01:59:22.500 CEST,9118019,7,0
Thu 2020-05-07 01:59:22.750 CEST,9118452,7,0
Thu 2020-05-07 01:59:23.0 CEST,9118252,7,0
Thu 2020-05-07 01:59:23.250 CEST,9117503,7,0
Thu 2020-05-07 01:59:23.500 CEST,9117211,7,0
Thu 2020-05-07 01:59:23.750 CEST,9117918,7,0
Thu 2020-05-07 01:59:24.0 CEST,9118301,7,0
Thu 2020-05-07 01:59:24.250 CEST,9118661,7,0
Thu 2020-05-07 01:59:24.500 CEST,9118752,7,0
Thu 2020-05-07 01:59:24.750 CEST,9118876,7,0
Thu 2020-05-07 01:59:25.0 CEST,9119019,7,0
Thu 2020-05-07 01:59:25.250 CEST,9119417,7,0
Thu 2020-05-07 01:59:25.500 CEST,9120163,7,0
Thu 2020-05-07 01:59:25.750 CEST,9120115,7,0
Thu 2020-05-07 01:59:26.0 CEST,9119756,7,0
Thu 2020-05-07 01:59:26.250 CEST,9120369,7,0
Thu 2020-05-07 01:59:26.500 CEST,9121152,7,0
Thu 2020-05-07 01:59:26.750 CEST,9120826,7,0
Thu 2020-05-07 01:59:27.0 CEST,9121572,7,0
Thu 2020-05-07 01:59:27.250 CEST,9122166,7,0
Thu 2020-05-07 01:59:27.500 CEST,9122432,7,0
Thu 2020-05-07 01:59:27.750 CEST,9121484,7,0
Thu 2020-05-07 01:59:28.0 CEST,9121718,7,0
Thu 2020-05-07 01:59:28.250 CEST,9122523,7,0
Thu 2020-05-07 01:59:28.500 CEST,9122688,7,0
Thu 2020-05-07 01:59:28.750 CEST,9121753,7,0
Thu 2020-05-07 01:59:29.0 CEST,9121396,7,0
Thu 2020-05-07 01:59:29.250 CEST,9120454,7,0
Thu 2020-05-07 01:59:29.500 CEST,9120163,7,0
Thu 2020-05-07 01:59:29.750 CEST,9121311,7,0
Thu 2020-05-07 01:59:30.0 CEST,9121244,7,0
Thu 2020-05-07 01:59:30.250 CEST,9121564,7,0
Thu 2020-05-07 01:59:30.500 CEST,9121508,7,0
Thu 2020-05-07 01:59:30.750 CEST,9122441,7,0
Thu 2020-05-07 01:59:31.0 CEST,9123213,7,0
Thu 2020-05-07 01:59:31.250 CEST,9123629,7,0
Thu 2020-05-07 01:59:31.500 CEST,9123632,7,0
Thu 2020-05-07 01:59:31.750 CEST,9123586,7,0
Thu 2020-05-07 01:59:32.0 CEST,9123161,7,0
Thu 2020-05-07 01:59:32.250 CEST,9124019,7,0
Thu 2020-05-07 01:59:32.500 CEST,9124861,7,0
Thu 2020-05-07 01:59:32.750 CEST,9125344,7,0
Thu 2020-05-07 01:59:33.0 CEST,9125399,7,0
Thu 2020-05-07 01:59:33.250 CEST,9125786,7,0
Thu 2020-05-07 01:59:33.500 CEST,9126985,7,0
Thu 2020-05-07 01:59:33.750 CEST,9127446,7,0
Thu 2020-05-07 01:59:34.0 CEST,9126809,7,0
Thu 2020-05-07 01:59:34.250 CEST,9127590,7,0
Thu 2020-05-07 01:59:34.500 CEST,9126524,7,0
Thu 2020-05-07 01:59:34.750 CEST,9127397,7,0
Thu 2020-05-07 01:59:35.0 CEST,9127135,7,0
Thu 2020-05-07 01:59:35.250 CEST,9127100,7,0
Thu 2020-05-07 01:59:35.500 CEST,9128225,7,0
Thu 2020-05-07 01:59:35.750 CEST,9129397,7,0
Thu 2020-05-07 01:59:36.0 CEST,9128966,7,0
Thu 2020-05-07 01:59:36.250 CEST,9128619,7,0
Thu 2020-05-07 01:59:36.500 CEST,9129621,7,0
Thu 2020-05-07 01:59:36.750 CEST,9130033,7,0
Thu 2020-05-07 01:59:37.0 CEST,9129945,7,0
Thu 2020-05-07 01:59:37.250 CEST,9129019,7,0
Thu 2020-05-07 01:59:37.500 CEST,9128942,7,0
Thu 2020-05-07 01:59:37.750 CEST,9129551,7,0
Thu 2020-05-07 01:59:38.0 CEST,9130145,7,0
Thu 2020-05-07 01:59:38.250 CEST,9131212,7,0
Thu 2020-05-07 01:59:38.500 CEST,9131117,7,0
Thu 2020-05-07 01:59:38.750 CEST,9131282,7,0
Thu 2020-05-07 01:59:39.0 CEST,9131564,7,0
Thu 2020-05-07 01:59:39.250 CEST,9132237,7,0
Thu 2020-05-07 01:59:39.500 CEST,9133120,7,0
Thu 2020-05-07 01:59:39.750 CEST,9133742,7,0
Thu 2020-05-07 01:59:40.0 CEST,9134072,7,0
Thu 2020-05-07 01:59:40.250 CEST,9134596,7,0
Thu 2020-05-07 01:59:40.500 CEST,9134064,7,0
Thu 2020-05-07 01:59:40.750 CEST,9133249,7,0
Thu 2020-05-07 01:59:41.0 CEST,9132524,7,0
Thu 2020-05-07 01:59:41.250 CEST,9131990,7,0
Thu 2020-05-07 01:59:41.500 CEST,9132836,7,0
Thu 2020-05-07 01:59:41.750 CEST,9132238,7,0
Thu 2020-05-07 01:59:42.0 CEST,9133249,7,0
Thu 2020-05-07 01:59:42.250 CEST,9133793,7,0
Thu 2020-05-07 01:59:42.500 CEST,9132868,7,0
Thu 2020-05-07 01:59:42.750 CEST,9132417,7,0
Thu 2020-05-07 01:59:43.0 CEST,9131725,7,0
Thu 2020-05-07 01:59:43.250 CEST,9132689,7,0
Thu 2020-05-07 01:59:43.500 CEST,9131773,7,0
Thu 2020-05-07 01:59:43.750 CEST,9131414,7,0
Thu 2020-05-07 01:59:44.0 CEST,9130831,7,0
Thu 2020-05-07 01:59:44.250 CEST,9131681,7,0
Thu 2020-05-07 01:59:44.500 CEST,9130533,7,0
Thu 2020-05-07 01:59:44.750 CEST,9130626,7,0
Thu 2020-05-07 01:59:45.0 CEST,9131750,7,0
Thu 2020-05-07 01:59:45.250 CEST,9131289,7,0
Thu 2020-05-07 01:59:45.500 CEST,9130354,7,0
Thu 2020-05-07 01:59:45.750 CEST,9130872,7,0
Thu 2020-05-07 01:59:46.0 CEST,9129841,7,0
Thu 2020-05-07 01:59:46.250 CEST,9130011,7,0
Thu 2020-05-07 01:59:46.500 CEST,9129057,7,0
Thu 2020-05-07 01:59:46.750 CEST,9129073,7,0
Thu 2020-05-07 01:59:47.0 CEST,9128715,7,0
Thu 2020-05-07 01:59:47.250 CEST,9129409,7,0
Thu 2020-05-07 01:59:47.500 CEST,9128410,7,0
Thu 2020-05-07 01:59:47.750 CEST,9129583,7,0
Thu 2020-05-07 01:59:48.0 CEST,9129164,7,0
Thu 2020-05-07 01:59:48.250 CEST,9128833,7,0
Thu 2020-05-07 01:59:48.500 CEST,9129955,7,0
Thu 2020-05-07 01:59:48.750 CEST,9129575,7,0
Thu 2020-05-07 01:59:49.0 CEST,9129910,7,0
Thu 2020-05-07 01:59:49.250 CEST,9130241,7,0
Thu 2020-05-07 01:59:49.500 CEST,9130464,7,0
Thu 2020-05-07 01:59:49.750 CEST,9130609,7,0
Thu 2020-05-07 01:59:50.0 CEST,9130283,7,0
Thu 2020-05-07 01:59:50.250 CEST,9130781,7,0
Thu 2020-05-07 01:59:50.500 CEST,9131239,7,0
Thu 2020-05-07 01:59:50.750 CEST,9130986,7,0
Thu 2020-05-07 01:59:51.0 CEST,9130811,7,0
Thu 2020-05-07 01:59:51.250 CEST,9131118,7,0
Thu 2020-05-07 01:59:51.500 CEST,9131706,7,0
Thu 2020-05-07 01:59:51.750 CEST,9131712,7,0
Thu 2020-05-07 01:59:52.0 CEST,9131668,7,0
Thu 2020-05-07 01:59:52.250 CEST,9131873,7,0
Thu 2020-05-07 01:59:52.500 CEST,9130771,7,0
Thu 2020-05-07 01:59:52.750 CEST,9130215,7,0
Thu 2020-05-07 01:59:53.0 CEST,9130723,7,0
Thu 2020-05-07 01:59:53.250 CEST,9129886,7,0
Thu 2020-05-07 01:59:53.500 CEST,9130612,7,0
Thu 2020-05-07 01:59:53.750 CEST,9131290,7,0
Thu 2020-05-07 01:59:54.0 CEST,9131824,7,0
Thu 2020-05-07 01:59:54.250 CEST,9132796,7,0
Thu 2020-05-07 01:59:54.500 CEST,9132289,7,0
Thu 2020-05-07 01:59:54.750 CEST,9133229,7,0
Thu 2020-05-07 01:59:55.0 CEST,9133258,7,0
Thu 2020-05-07 01:59:55.250 CEST,9132952,7,0
Thu 2020-05-07 01:59:55.500 CEST,9133864,7,0
Thu 2020-05-07 01:59:55.750 CEST,9134675,7,0
Thu 2020-05-07 01:59:56.0 CEST,9134802,7,0
Thu 2020-05-07 01:59:56.250 CEST,9135199,7,0
Thu 2020-05-07 01:59:56.500 CEST,9134429,7,0
Thu 2020-05-07 01:59:56.750 CEST,9133690,7,0
Thu 2020-05-07 01:59:57.0 CEST,9133217,7,0
Thu 2020-05-07 01:59:57.250 CEST,9133434,7,0
Thu 2020-05-07 01:59:57.500 CEST,9133604,7,0
Thu 2020-05-07 01:59:57.750 CEST,9133570,7,0
Thu 2020-05-07 01:59:58.0 CEST,9133084,7,0
Thu 2020-05-07 01:59:58.250 CEST,9132076,7,0
Thu 2020-05-07 01:59:58.500 CEST,9132989,7,0
Thu 2020-05-07 01:59:58.750 CEST,9133093,7,0
Thu 2020-05-07 01:59:59.0 CEST,9133592,7,0
Thu 2020-05-07 01:59:59.250 CEST,9133456,7,0
Thu 2020-05-07 01:59:59.500 CEST,9132365,7,0
Thu 2020-05-07 01:59:59.750 CEST,9131619,7,0
Thu 2020-05-07 02:00:00.0 CEST,9132452,7,0
Thu 2020-05-07 02:00:00.250 CEST,9133425,7,0
Thu 2020-05-07 02:00:00.500 CEST,9133323,7,0
Thu 2020-05-07 02:00:00.750 CEST,9133464,7,0
Thu 2020-05-07 02:00:01.0 CEST,9132399,7,0
Thu 2020-05-07 02:00:01.250 CEST,9131822,7,0
Thu 2020-05-07 02:00:01.500 CEST,9131004,7,0
Thu 2020-05-07 02:00:01.750 CEST,9131237,7,0
Thu 2020-05-07 02:00:02.0 CEST,9132397,7,0
Thu 2020-05-07 02:00:02.250 CEST,9132272,7,0
Thu 2020-05-07 02:00:02.500 CEST,9131809,7,0
Thu 2020-05-07 02:00:02.750 CEST,9131361,7,0
Thu 2020-05-07 02:00:03.0 CEST,9131694,7,0
Thu 2020-05-07 02:00:03.250 CEST,9130506,7,0
Thu 2020-05-07 02:00:03.500 CEST,9129668,7,0
Thu 2020-05-07 02:00:03.750 CEST,9128927,7,0
Thu 2020-05-07 02:00:04.0 CEST,9129337,7,0
Thu 2020-05-07 02:00:04.250 CEST,9128494,7,0
Thu 2020-05-07 02:00:04.500 CEST,9127778,7,0
Thu 2020-05-07 02:00:04.750 CEST,9128479,7,0
Thu 2020-05-07 02:00:05.0 CEST,9129053,7,0
Thu 2020-05-07 02:00:05.250 CEST,9129271,7,0
Thu 2020-05-07 02:00:05.500 CEST,9128737,7,0
Thu 2020-05-07 02:00:05.750 CEST,9129590,7,0
Thu 2020-05-07 02:00:06.0 CEST,9130000,7,0
Thu 2020-05-07 02:00:06.250 CEST,9131143,7,0
Thu 2020-05-07 02:00:06.500 CEST,9130463,7,0
Thu 2020-05-07 02:00:06.750 CEST,9130171,7,0
Thu 2020-05-07 02:00:07.0 CEST,9129542,7,0
Thu 2020-05-07 02:00:07.250 CEST,9128971,7,0
Thu 2020-05-07 02:00:07.500 CEST,9128698,7,0
Thu 2020-05-07 02:00:07.750 CEST,9127701,7,0
Thu 2020-05-07 02:00:08.0 CEST,9126902,7,0
Thu 2020-05-07 02:00:08.250 CEST,9127291,7,0
Thu 2020-05-07 02:00:08.500 CEST,9127199,7,0
Thu 2020-05-07 02:00:08.750 CEST,9126100,7,0
Thu 2020-05-07 02:00:09.0 CEST,9126677,7,0
Thu 2020-05-07 02:00:09.250 CEST,9126967,7,0
Thu 2020-05-07 02:00:09.500 CEST,9126865,7,0
Thu 2020-05-07 02:00:09.750 CEST,9126965,7,0
Thu 2020-05-07 02:00:10.0 CEST,9125929,7,0
Thu 2020-05-07 02:00:10.250 CEST,9126564,7,0
Thu 2020-05-07 02:00:10.500 CEST,9127416,7,0
Thu 2020-05-07 02:00:10.750 CEST,9127477,7,0
Thu 2020-05-07 02:00:11.0 CEST,9128125,7,0
Thu 2020-05-07 02:00:11.250 CEST,9128904,7,0
Thu 2020-05-07 02:00:11.500 CEST,9128988,7,0
Thu 2020-05-07 02:00:11.750 CEST,9128409,7,0
Thu 2020-05-07 02:00:12.0 CEST,9129109,7,0
Thu 2020-05-07 02:00:12.250 CEST,9129241,7,0
Thu 2020-05-07 02:00:12.500 CEST,9128162,7,0
Thu 2020-05-07 02:00:12.750 CEST,9127799,7,0
Thu 2020-05-07 02:00:13.0 CEST,9126949,7,0
Thu 2020-05-07 02:00:13.250 CEST,9126537,7,0
Thu 2020-05-07 02:00:13.500 CEST,9125826,7,0
Thu 2020-05-07 02:00:13.750 CEST,9126150,7,0
Thu 2020-05-07 02:00:14.0 CEST,9125244,7,0
Thu 2020-05-07 02:00:14.250 CEST,9124617,7,0
Thu 2020-05-07 02:00:14.500 CEST,9125414,7,0
Thu 2020-05-07 02:00:14.750 CEST,9125079,7,0
Thu 2020-05-07 02:00:15.0 CEST,9124646,7,0
Thu 2020-05-07 02:00:15.250 CEST,9123969,7,0
Thu 2020-05-07 02:00:15.500 CEST,9123402,7,0
Thu 2020-05-07 02:00:15.750 CEST,9123370,7,0
Thu 2020-05-07 02:00:16.0 CEST,9123846,7,0
Thu 2020-05-07 02:00:16.250 CEST,9124387,7,0
Thu 2020-05-07 02:00:16.500 CEST,9124020,7,0
Thu 2020-05-07 02:00:16.750 CEST,9123872,7,0
Thu 2020-05-07 02:00:17.0 CEST,9123503,7,0
Thu 2020-05-07 02:00:17.250 CEST,9123799,7,0
Thu 2020-05-07 02:00:17.500 CEST,9124951,7,0
Thu 2020-05-07 02:00:17.750 CEST,9124310,7,0
Thu 2020-05-07 02:00:18.0 CEST,9124040,7,0
Thu 2020-05-07 02:00:18.250 CEST,9124844,7,0
Thu 2020-05-07 02:00:18.500 CEST,9125029,7,0
Thu 2020-05-07 02:00:18.750 CEST,9126171,7,0
Thu 2020-05-07 02:00:19.0 CEST,9126117,7,0
Thu 2020-05-07 02:00:19.250 CEST,9125185,7,0
Thu 2020-05-07 02:00:19.500 CEST,9124547,7,0
Thu 2020-05-07 02:00:19.750 CEST,9123992,7,0
Thu 2020-05-07 02:00:20.0 CEST,9123957,7,0
Thu 2020-05-07 02:00:20.250 CEST,9123441,7,0
Thu 2020-05-07 02:00:20.500 CEST,9123723,7,0
Thu 2020-05-07 02:00:20.750 CEST,9124038,7,0
Thu 2020-05-07 02:00:21.0 CEST,9123874,7,0
Thu 2020-05-07 02:00:21.250 CEST,9124210,7,0
Thu 2020-05-07 02:00:21.500 CEST,9123212,7,0
Thu 2020-05-07 02:00:21.750 CEST,9123342,7,0
Thu 2020-05-07 02:00:22.0 CEST,9124251,7,0
Thu 2020-05-07 02:00:22.250 CEST,9125250,7,0
Thu 2020-05-07 02:00:22.500 CEST,9125810,7,0
Thu 2020-05-07 02:00:22.750 CEST,9125085,7,0
Thu 2020-05-07 02:00:23.0 CEST,9126171,7,0
Thu 2020-05-07 02:00:23.250 CEST,9127364,7,0
Thu 2020-05-07 02:00:23.500 CEST,9127372,7,0
Thu 2020-05-07 02:00:23.750 CEST,9127734,7,0
Thu 2020-05-07 02:00:24.0 CEST,9127831,7,0
Thu 2020-05-07 02:00:24.250 CEST,9128236,7,0
Thu 2020-05-07 02:00:24.500 CEST,9129214,7,0
Thu 2020-05-07 02:00:24.750 CEST,9130142,7,0
Thu 2020-05-07 02:00:25.0 CEST,9129642,7,0
Thu 2020-05-07 02:00:25.250 CEST,9130136,7,0
Thu 2020-05-07 02:00:25.500 CEST,9131188,7,0
Thu 2020-05-07 02:00:25.750 CEST,9131619,7,0
Thu 2020-05-07 02:00:26.0 CEST,9131716,7,0
Thu 2020-05-07 02:00:26.250 CEST,9131752,7,0
Thu 2020-05-07 02:00:26.500 CEST,9131688,7,0
Thu 2020-05-07 02:00:26.750 CEST,9132495,7,0
Thu 2020-05-07 02:00:27.0 CEST,9132363,7,0
Thu 2020-05-07 02:00:27.250 CEST,9132862,7,0
Thu 2020-05-07 02:00:27.500 CEST,9131913,7,0
Thu 2020-05-07 02:00:27.750 CEST,9132946,7,0
Thu 2020-05-07 02:00:28.0 CEST,9134129,7,0
Thu 2020-05-07 02:00:28.250 CEST,9134662,7,0
Thu 2020-05-07 02:00:28.500 CEST,9134373,7,0
Thu 2020-05-07 02:00:28.750 CEST,9133755,7,0
Thu 2020-05-07 02:00:29.0 CEST,9132987,7,0
Thu 2020-05-07 02:00:29.250 CEST,9132901,7,0
Thu 2020-05-07 02:00:29.500 CEST,9133177,7,0
Thu 2020-05-07 02:00:29.750 CEST,9132118,7,0
Thu 2020-05-07 02:00:30.0 CEST,9131394,7,0
Thu 2020-05-07 02:00:30.250 CEST,9131029,7,0
Thu 2020-05-07 02:00:30.500 CEST,9130009,7,0
Thu 2020-05-07 02:00:30.750 CEST,9131136,7,0
Thu 2020-05-07 02:00:31.0 CEST,9130327,7,0
Thu 2020-05-07 02:00:31.250 CEST,9130515,7,0
Thu 2020-05-07 02:00:31.500 CEST,9130367,7,0
Thu 2020-05-07 02:00:31.750 CEST,9130856,7,0
Thu 2020-05-07 02:00:32.0 CEST,9130249,7,0
Thu 2020-05-07 02:00:32.250 CEST,9129878,7,0
Thu 2020-05-07 02:00:32.500 CEST,9129658,7,0
Thu 2020-05-07 02:00:32.750 CEST,9129315,7,0
Thu 2020-05-07 02:00:33.0 CEST,9128237,7,0
Thu 2020-05-07 02:00:33.250 CEST,9127432,7,0
Thu 2020-05-07 02:00:33.500 CEST,9128284,7,0
Thu 2020-05-07 02:00:33.750 CEST,9128067,7,0
Thu 2020-05-07 02:00:34.0 CEST,9128498,7,0
Thu 2020-05-07 02:00:34.250 CEST,9128086,7,0
Thu 2020-05-07 02:00:34.500 CEST,9127475,7,0
Thu 2020-05-07 02:00:34.750 CEST,9126574,7,0
Thu 2020-05-07 02:00:35.0 CEST,9125460,7,0
Thu 2020-05-07 02:00:35.250 CEST,9124664,7,0
Thu 2020-05-07 02:00:35.500 CEST,9123595,7,0
Thu 2020-05-07 02:00:35.750 CEST,9124428,7,0
Thu 2020-05-07 02:00:36.0 CEST,9125366,7,0
Thu 2020-05-07 02:00:36.250 CEST,9125209,7,0
Thu 2020-05-07 02:00:36.500 CEST,9124223,7,0
Thu 2020-05-07 02:00:36.750 CEST,9123192,7,0
Thu 2020-05-07 02:00:37.0 CEST,9123713,7,0
Thu 2020-05-07 02:00:37.250 CEST,9124203,7,0
Thu 2020-05-07 02:00:37.500 CEST,9125278,7,0
Thu 2020-05-07 02:00:37.750 CEST,9126275,7,0
Thu 2020-05-07 02:00:38.0 CEST,9127165,7,0
Thu 2020-05-07 02:00:38.250 CEST,9126020,7,0
Thu 2020-05-07 02:00:38.500 CEST,9126943,7,0
Thu 2020-05-07 02:00:38.750 CEST,9125823,7,0
Thu 2020-05-07 02:00:39.0 CEST,9125630,7,0
Thu 2020-05-07 02:00:39.250 CEST,9125204,7,0
Thu 2020-05-07 02:00:39.500 CEST,9125337,7,0
Thu 2020-05-07 02:00:39.750 CEST,9125301,7,0
Thu 2020-05-07 02:00:40.0 CEST,9125269,7,0
Thu 2020-05-07 02:00:40.250 CEST,9125947,7,0
Thu 2020-05-07 02:00:40.500 CEST,9126769,7,0
Thu 2020-05-07 02:00:40.750 CEST,9126859,7,0
Thu 2020-05-07 02:00:41.0 CEST,9127932,7,0
Thu 2020-05-07 02:00:41.250 CEST,9128405,7,0
Thu 2020-05-07 02:00:41.500 CEST,9130261,13,0
Thu 2020-05-07 02:00:41.750 CEST,9131354,13,0
Thu 2020-05-07 02:00:42.0 CEST,9131446,13,0
Thu 2020-05-07 02:00:42.250 CEST,9131511,13,0
Thu 2020-05-07 02:00:42.500 CEST,9132488,13,0
Thu 2020-05-07 02:00:42.750 CEST,9132687,13,0
Thu 2020-05-07 02:00:43.0 CEST,9133178,13,0
Thu 2020-05-07 02:00:43.250 CEST,9134307,13,0
Thu 2020-05-07 02:00:43.500 CEST,9136124,13,0
Thu 2020-05-07 02:00:43.750 CEST,9138338,13,0
Thu 2020-05-07 02:00:44.0 CEST,9140095,13,0
Thu 2020-05-07 02:00:44.250 CEST,9142148,13,0
Thu 2020-05-07 02:00:44.500 CEST,9144117,13,0
Thu 2020-05-07 02:00:44.750 CEST,9145216,13,0
Thu 2020-05-07 02:00:45.0 CEST,9146144,13,0
Thu 2020-05-07 02:00:45.250 CEST,9147573,13,0
Thu 2020-05-07 02:00:45.500 CEST,9148055,13,0
Thu 2020-05-07 02:00:45.750 CEST,9148694,13,0
Thu 2020-05-07 02:00:46.0 CEST,9150200,13,0
Thu 2020-05-07 02:00:46.250 CEST,9152391,13,0
Thu 2020-05-07 02:00:46.500 CEST,9153132,13,0
Thu 2020-05-07 02:00:46.750 CEST,9155232,13,0
Thu 2020-05-07 02:00:47.0 CEST,9157784,13,0
Thu 2020-05-07 02:00:47.250 CEST,9159445,13,0
Thu 2020-05-07 02:00:47.500 CEST,9160331,13,0
Thu 2020-05-07 02:00:47.750 CEST,9161672,13,0
Thu 2020-05-07 02:00:48.0 CEST,9162833,13,0
Thu 2020-05-07 02:00:48.250 CEST,9163362,13,0
Thu 2020-05-07 02:00:48.500 CEST,9165580,13,0
Thu 2020-05-07 02:00:48.750 CEST,9166199,13,0
Thu 2020-05-07 02:00:49.0 CEST,9167988,13,0
Thu 2020-05-07 02:00:49.250 CEST,9169666,13,0
Thu 2020-05-07 02:00:49.500 CEST,9171376,13,0
Thu 2020-05-07 02:00:49.750 CEST,9173249,13,0
Thu 2020-05-07 02:00:50.0 CEST,9174540,13,0
Thu 2020-05-07 02:00:50.250 CEST,9176768,13,0
Thu 2020-05-07 02:00:50.500 CEST,9178374,13,0
Thu 2020-05-07 02:00:50.750 CEST,9179683,13,0
Thu 2020-05-07 02:00:51.0 CEST,9180160,13,0
Thu 2020-05-07 02:00:51.250 CEST,9181132,13,0
Thu 2020-05-07 02:00:51.500 CEST,9181761,13,0
Thu 2020-05-07 02:00:51.750 CEST,9183931,13,0
Thu 2020-05-07 02:00:52.0 CEST,9186447,13,0
Thu 2020-05-07 02:00:52.250 CEST,9188965,13,0
Thu 2020-05-07 02:00:52.500 CEST,9189311,13,0
Thu 2020-05-07 02:00:52.750 CEST,9190261,13,0
Thu 2020-05-07 02:00:53.0 CEST,9191707,13,0
Thu 2020-05-07 02:00:53.250 CEST,9194392,13,0
Thu 2020-05-07 02:00:53.500 CEST,9195866,13,0
Thu 2020-05-07 02:00:53.750 CEST,9198260,13,0
Thu 2020-05-07 02:00:54.0 CEST,9200605,13,0
Thu 2020-05-07 02:00:54.250 CEST,9202248,13,0
Thu 2020-05-07 02:00:54.500 CEST,9204197,13,0
Thu 2020-05-07 02:00:54.750 CEST,9206105,13,0
Thu 2020-05-07 02:00:55.0 CEST,9206849,13,0
Thu 2020-05-07 02:00:55.250 CEST,9209517,13,0
Thu 2020-05-07 02:00:55.500 CEST,9210191,13,0
Thu 2020-05-07 02:00:55.750 CEST,9211478,13,0
Thu 2020-05-07 02:00:56.0 CEST,9214050,13,0
Thu 2020-05-07 02:00:56.250 CEST,9216746,13,0
Thu 2020-05-07 02:00:56.500 CEST,9218448,13,0
Thu 2020-05-07 02:00:56.750 CEST,9220197,13,0
Thu 2020-05-07 02:00:57.0 CEST,9221515,13,0
Thu 2020-05-07 02:00:57.250 CEST,9224266,13,0
Thu 2020-05-07 02:00:57.500 CEST,9224816,13,0
Thu 2020-05-07 02:00:57.750 CEST,9227183,13,0
Thu 2020-05-07 02:00:58.0 CEST,9229512,13,0
Thu 2020-05-07 02:00:58.250 CEST,9230976,13,0
Thu 2020-05-07 02:00:58.500 CEST,9231987,13,0
Thu 2020-05-07 02:00:58.750 CEST,9234521,13,0
Thu 2020-05-07 02:00:59.0 CEST,9236241,13,0
Thu 2020-05-07 02:00:59.250 CEST,9237594,13,0
Thu 2020-05-07 02:00:59.500 CEST,9239166,13,0
Thu 2020-05-07 02:00:59.750 CEST,9240698,13,0
Thu 2020-05-07 02:01:00.0 CEST,9241422,13,0
Thu 2020-05-07 02:01:00.250 CEST,9242585,13,0
Thu 2020-05-07 02:01:00.500 CEST,9244306,13,0
Thu 2020-05-07 02:01:00.750 CEST,9246141,13,0
Thu 2020-05-07 02:01:01.0 CEST,9247246,13,0
Thu 2020-05-07 02:01:01.250 CEST,9250090,13,0
Thu 2020-05-07 02:01:01.500 CEST,9251125,13,0
Thu 2020-05-07 02:01:01.750 CEST,9253773,13,0
Thu 2020-05-07 02:01:02.0 CEST,9255485,13,0
Thu 2020-05-07 02:01:02.250 CEST,9258087,13,0
Thu 2020-05-07 02:01:02.500 CEST,9259852,13,0
Thu 2020-05-07 02:01:02.750 CEST,9261474,13,0
Thu 2020-05-07 02:01:03.0 CEST,9263501,13,0
Thu 2020-05-07 02:01:03.250 CEST,9265090,13,0
Thu 2020-05-07 02:01:03.500 CEST,9267577,13,0
Thu 2020-05-07 02:01:03.750 CEST,9269345,13,0
Thu 2020-05-07 02:01:04.0 CEST,9270792,13,0
Thu 2020-05-07 02:01:04.250 CEST,9272136,13,0
Thu 2020-05-07 02:01:04.500 CEST,9274762,13,0
Thu 2020-05-07 02:01:04.750 CEST,9277065,13,0
Thu 2020-05-07 02:01:05.0 CEST,9277852,13,0
Thu 2020-05-07 02:01:05.250 CEST,9280551,13,0
Thu 2020-05-07 02:01:05.500 CEST,9281898,13,0
Thu 2020-05-07 02:01:05.750 CEST,9284519,13,0
Thu 2020-05-07 02:01:06.0 CEST,9285778,13,0
Thu 2020-05-07 02:01:06.250 CEST,9287626,13,0
Thu 2020-05-07 02:01:06.500 CEST,9289425,13,0
Thu 2020-05-07 02:01:06.750 CEST,9291440,13,0
Thu 2020-05-07 02:01:07.0 CEST,9293668,13,0
Thu 2020-05-07 02:01:07.250 CEST,9296058,13,0
Thu 2020-05-07 02:01:07.500 CEST,9299052,13,0
Thu 2020-05-07 02:01:07.750 CEST,9301442,13,0
Thu 2020-05-07 02:01:08.0 CEST,9304425,13,0
Thu 2020-05-07 02:01:08.250 CEST,9306160,13,0
Thu 2020-05-07 02:01:08.500 CEST,9309363,13,0
Thu 2020-05-07 02:01:08.750 CEST,9312419,13,0
Thu 2020-05-07 02:01:09.0 CEST,9313558,13,0
Thu 2020-05-07 02:01:09.250 CEST,9314783,13,0
Thu 2020-05-07 02:01:09.500 CEST,9317029,13,0
Thu 2020-05-07 02:01:09.750 CEST,9318815,13,0
Thu 2020-05-07 02:01:10.0 CEST,9321567,13,0
Thu 2020-05-07 02:01:10.250 CEST,9324495,13,0
Thu 2020-05-07 02:01:10.500 CEST,9326813,13,0
Thu 2020-05-07 02:01:10.750 CEST,9328527,13,0
Thu 2020-05-07 02:01:11.0 CEST,9329972,13,0
Thu 2020-05-07 02:01:11.250 CEST,9331695,13,0
Thu 2020-05-07 02:01:11.500 CEST,9334051,13,0
Thu 2020-05-07 02:01:11.750 CEST,9336245,13,0
Thu 2020-05-07 02:01:12.0 CEST,9338168,13,0
Thu 2020-05-07 02:01:12.250 CEST,9339597,13,0
Thu 2020-05-07 02:01:12.500 CEST,9342933,13,0
Thu 2020-05-07 02:01:12.750 CEST,9344909,13,0
Thu 2020-05-07 02:01:13.0 CEST,9347859,13,0
Thu 2020-05-07 02:01:13.250 CEST,9349390,13,0
Thu 2020-05-07 02:01:13.500 CEST,9352792,13,0
Thu 2020-05-07 02:01:13.750 CEST,9355795,13,0
Thu 2020-05-07 02:01:14.0 CEST,9357960,13,0
Thu 2020-05-07 02:01:14.250 CEST,9359537,13,0
Thu 2020-05-07 02:01:14.500 CEST,9361358,13,0
Thu 2020-05-07 02:01:14.750 CEST,9362545,13,0
Thu 2020-05-07 02:01:15.0 CEST,9365697,13,0
Thu 2020-05-07 02:01:15.250 CEST,9367289,13,0
Thu 2020-05-07 02:01:15.500 CEST,9370035,13,0
Thu 2020-05-07 02:01:15.750 CEST,9372492,13,0
Thu 2020-05-07 02:01:16.0 CEST,9374533,13,0
Thu 2020-05-07 02:01:16.250 CEST,9376786,13,0
Thu 2020-05-07 02:01:16.500 CEST,9378595,13,0
Thu 2020-05-07 02:01:16.750 CEST,9380463,13,0
Thu 2020-05-07 02:01:17.0 CEST,9383054,13,0
Thu 2020-05-07 02:01:17.250 CEST,9386213,13,0
Thu 2020-05-07 02:01:17.500 CEST,9388527,13,0
Thu 2020-05-07 02:01:17.750 CEST,9390120,13,0
Thu 2020-05-07 02:01:18.0 CEST,9392885,13,0
Thu 2020-05-07 02:01:18.250 CEST,9394184,13,0
Thu 2020-05-07 02:01:18.500 CEST,9396114,13,0
Thu 2020-05-07 02:01:18.750 CEST,9399374,13,0
Thu 2020-05-07 02:01:19.0 CEST,9401436,13,0
Thu 2020-05-07 02:01:19.250 CEST,9404753,13,0
Thu 2020-05-07 02:01:19.500 CEST,9406391,13,0
Thu 2020-05-07 02:01:19.750 CEST,9408953,13,0
Thu 2020-05-07 02:01:20.0 CEST,9412266,13,0
Thu 2020-05-07 02:01:20.250 CEST,9415798,13,0
Thu 2020-05-07 02:01:20.500 CEST,9419320,13,0
Thu 2020-05-07 02:01:20.750 CEST,9422157,13,0
Thu 2020-05-07 02:01:21.0 CEST,9423784,13,0
Thu 2020-05-07 02:01:21.250 CEST,9426826,13,0
Thu 2020-05-07 02:01:21.500 CEST,9429211,13,0
Thu 2020-05-07 02:01:21.750 CEST,9431940,13,0
Thu 2020-05-07 02:01:22.0 CEST,9435486,13,0
Thu 2020-05-07 02:01:22.250 CEST,9438611,13,0
Thu 2020-05-07 02:01:22.500 CEST,9440998,13,0
Thu 2020-05-07 02:01:22.750 CEST,9444193,13,0
Thu 2020-05-07 02:01:23.0 CEST,9447363,13,0
Thu 2020-05-07 02:01:23.250 CEST,9448974,13,0
Thu 2020-05-07 02:01:23.500 CEST,9450659,13,0
Thu 2020-05-07 02:01:23.750 CEST,9452329,13,0
Thu 2020-05-07 02:01:24.0 CEST,9455043,13,0
Thu 2020-05-07 02:01:24.250 CEST,9457378,13,0
Thu 2020-05-07 02:01:24.500 CEST,9459311,13,0
Thu 2020-05-07 02:01:24.750 CEST,9463001,13,0
Thu 2020-05-07 02:01:25.0 CEST,9464906,13,0
Thu 2020-05-07 02:01:25.250 CEST,9467954,13,0
Thu 2020-05-07 02:01:25.500 CEST,9469628,13,0
Thu 2020-05-07 02:01:25.750 CEST,9472643,13,0
Thu 2020-05-07 02:01:26.0 CEST,9475326,13,0
Thu 2020-05-07 02:01:26.250 CEST,9477691,13,0
Thu 2020-05-07 02:01:26.500 CEST,9480317,13,0
Thu 2020-05-07 02:01:26.750 CEST,9483368,13,0
Thu 2020-05-07 02:01:27.0 CEST,9487346,13,0
Thu 2020-05-07 02:01:27.250 CEST,9489896,13,0
Thu 2020-05-07 02:01:27.500 CEST,9491819,13,0
Thu 2020-05-07 02:01:27.750 CEST,9495412,13,0
Thu 2020-05-07 02:01:28.0 CEST,9497785,13,0
Thu 2020-05-07 02:01:28.250 CEST,9501477,13,0
Thu 2020-05-07 02:01:28.500 CEST,9504178,13,0
Thu 2020-05-07 02:01:28.750 CEST,9506404,13,0
Thu 2020-05-07 02:01:29.0 CEST,9509390,13,0
Thu 2020-05-07 02:01:29.250 CEST,9513119,13,0
Thu 2020-05-07 02:01:29.500 CEST,9516705,13,0
Thu 2020-05-07 02:01:29.750 CEST,9519458,13,0
Thu 2020-05-07 02:01:30.0 CEST,9522522,13,0
Thu 2020-05-07 02:01:30.250 CEST,9524697,13,0
Thu 2020-05-07 02:01:30.500 CEST,9528801,13,0
Thu 2020-05-07 02:01:30.750 CEST,9530779,13,0
Thu 2020-05-07 02:01:31.0 CEST,9532700,13,0
Thu 2020-05-07 02:01:31.250 CEST,9534650,13,0
Thu 2020-05-07 02:01:31.500 CEST,9536849,13,0
Thu 2020-05-07 02:01:31.750 CEST,9539589,13,0
Thu 2020-05-07 02:01:32.0 CEST,9542403,13,0
Thu 2020-05-07 02:01:32.250 CEST,9544618,13,0
Thu 2020-05-07 02:01:32.500 CEST,9547156,13,0
Thu 2020-05-07 02:01:32.750 CEST,9549937,13,0
Thu 2020-05-07 02:01:33.0 CEST,9553252,13,0
Thu 2020-05-07 02:01:33.250 CEST,9555506,13,0
Thu 2020-05-07 02:01:33.500 CEST,9559769,13,0
Thu 2020-05-07 02:01:33.750 CEST,9563787,13,0
Thu 2020-05-07 02:01:34.0 CEST,9566416,13,0
Thu 2020-05-07 02:01:34.250 CEST,9568904,13,0
Thu 2020-05-07 02:01:34.500 CEST,9571997,13,0
Thu 2020-05-07 02:01:34.750 CEST,9574619,13,0
Thu 2020-05-07 02:01:35.0 CEST,9577625,13,0
Thu 2020-05-07 02:01:35.250 CEST,9581035,13,0
Thu 2020-05-07 02:01:35.500 CEST,9585197,13,0
Thu 2020-05-07 02:01:35.750 CEST,9588948,13,0
Thu 2020-05-07 02:01:36.0 CEST,9592011,13,0
Thu 2020-05-07 02:01:36.250 CEST,9594824,13,0
Thu 2020-05-07 02:01:36.500 CEST,9599142,13,0
Thu 2020-05-07 02:01:36.750 CEST,9603521,13,0
Thu 2020-05-07 02:01:37.0 CEST,9607945,13,0
Thu 2020-05-07 02:01:37.250 CEST,9611320,13,0
Thu 2020-05-07 02:01:37.500 CEST,9613912,13,0
Thu 2020-05-07 02:01:37.750 CEST,9616850,13,0
Thu 2020-05-07 02:01:38.0 CEST,9620240,13,0
Thu 2020-05-07 02:01:38.250 CEST,9622800,13,0
Thu 2020-05-07 02:01:38.500 CEST,9625970,13,0
Thu 2020-05-07 02:01:38.750 CEST,9629088,13,0
Thu 2020-05-07 02:01:39.0 CEST,9631830,13,0
Thu 2020-05-07 02:01:39.250 CEST,9634984,13,0
Thu 2020-05-07 02:01:39.500 CEST,9639052,13,0
Thu 2020-05-07 02:01:39.750 CEST,9642371,13,0
Thu 2020-05-07 02:01:40.0 CEST,9645927,13,0
Thu 2020-05-07 02:01:40.250 CEST,9650274,13,0
Thu 2020-05-07 02:01:40.500 CEST,9654541,13,0
Thu 2020-05-07 02:01:40.750 CEST,9659131,13,0
Thu 2020-05-07 02:01:41.0 CEST,9661475,13,0
Thu 2020-05-07 02:01:41.250 CEST,9665301,13,0
Thu 2020-05-07 02:01:41.500 CEST,9669631,13,0
Thu 2020-05-07 02:01:41.750 CEST,9672281,13,0
Thu 2020-05-07 02:01:42.0 CEST,9676695,13,0
Thu 2020-05-07 02:01:42.250 CEST,9679806,13,0
Thu 2020-05-07 02:01:42.500 CEST,9683155,13,0
Thu 2020-05-07 02:01:42.750 CEST,9685805,13,0
Thu 2020-05-07 02:01:43.0 CEST,9689946,13,0
Thu 2020-05-07 02:01:43.250 CEST,9693100,13,0
Thu 2020-05-07 02:01:43.500 CEST,9697534,13,0
Thu 2020-05-07 02:01:43.750 CEST,9699923,13,0
Thu 2020-05-07 02:01:44.0 CEST,9703464,13,0
Thu 2020-05-07 02:01:44.250 CEST,9707378,13,0
Thu 2020-05-07 02:01:44.500 CEST,9711697,13,0
Thu 2020-05-07 02:01:44.750 CEST,9715237,13,0
Thu 2020-05-07 02:01:45.0 CEST,9720056,13,0
Thu 2020-05-07 02:01:45.250 CEST,9722520,13,0
Thu 2020-05-07 02:01:45.500 CEST,9726504,13,0
Thu 2020-05-07 02:01:45.750 CEST,9730242,13,0
Thu 2020-05-07 02:01:46.0 CEST,9733185,13,0
Thu 2020-05-07 02:01:46.250 CEST,9735846,13,0
Thu 2020-05-07 02:01:46.500 CEST,9740162,13,0
Thu 2020-05-07 02:01:46.750 CEST,9743732,13,0
Thu 2020-05-07 02:01:47.0 CEST,9746984,13,0
Thu 2020-05-07 02:01:47.250 CEST,9750393,13,0
Thu 2020-05-07 02:01:47.500 CEST,9755131,13,0
Thu 2020-05-07 02:01:47.750 CEST,9759342,13,0
Thu 2020-05-07 02:01:48.0 CEST,9762525,13,0
Thu 2020-05-07 02:01:48.250 CEST,9766508,13,0
Thu 2020-05-07 02:01:48.500 CEST,9770712,13,0
Thu 2020-05-07 02:01:48.750 CEST,9773595,13,0
Thu 2020-05-07 02:01:49.0 CEST,9776784,13,0
Thu 2020-05-07 02:01:49.250 CEST,9780251,13,0
Thu 2020-05-07 02:01:49.500 CEST,9783540,13,0
Thu 2020-05-07 02:01:49.750 CEST,9788452,13,0
Thu 2020-05-07 02:01:50.0 CEST,9792763,13,0
Thu 2020-05-07 02:01:50.250 CEST,9796686,13,0
Thu 2020-05-07 02:01:50.500 CEST,9799557,13,0
Thu 2020-05-07 02:01:50.750 CEST,9802869,13,0
Thu 2020-05-07 02:01:51.0 CEST,9807196,13,0
Thu 2020-05-07 02:01:51.250 CEST,9811738,13,0
Thu 2020-05-07 02:01:51.500 CEST,9815101,13,0
Thu 2020-05-07 02:01:51.750 CEST,9818218,13,0
Thu 2020-05-07 02:01:52.0 CEST,9821476,13,0
Thu 2020-05-07 02:01:52.250 CEST,9826348,13,0
Thu 2020-05-07 02:01:52.500 CEST,9830183,13,0
Thu 2020-05-07 02:01:52.750 CEST,9833461,13,0
Thu 2020-05-07 02:01:53.0 CEST,9838387,13,0
Thu 2020-05-07 02:01:53.250 CEST,9841383,13,0
Thu 2020-05-07 02:01:53.500 CEST,9845529,13,0
Thu 2020-05-07 02:01:53.750 CEST,9850516,13,0
Thu 2020-05-07 02:01:54.0 CEST,9855681,13,0
Thu 2020-05-07 02:01:54.250 CEST,9859274,13,0
Thu 2020-05-07 02:01:54.500 CEST,9862511,13,0
Thu 2020-05-07 02:01:54.750 CEST,9866033,13,0
Thu 2020-05-07 02:01:55.0 CEST,9870528,13,0
Thu 2020-05-07 02:01:55.250 CEST,9875550,13,0
Thu 2020-05-07 02:01:55.500 CEST,9880753,13,0
Thu 2020-05-07 02:01:55.750 CEST,9885452,13,0
Thu 2020-05-07 02:01:56.0 CEST,9889501,13,0
Thu 2020-05-07 02:01:56.250 CEST,9893504,13,0
Thu 2020-05-07 02:01:56.500 CEST,9898071,13,0
Thu 2020-05-07 02:01:56.750 CEST,9902281,13,0
Thu 2020-05-07 02:01:57.0 CEST,9907146,13,0
Thu 2020-05-07 02:01:57.250 CEST,9912385,13,0
Thu 2020-05-07 02:01:57.500 CEST,9916041,13,0
Thu 2020-05-07 02:01:57.750 CEST,9920174,13,0
Thu 2020-05-07 02:01:58.0 CEST,9923846,13,0
Thu 2020-05-07 02:01:58.250 CEST,9927270,13,0
Thu 2020-05-07 02:01:58.500 CEST,9931600,13,0
Thu 2020-05-07 02:01:58.750 CEST,9936907,13,0
Thu 2020-05-07 02:01:59.0 CEST,9942170,13,0
Thu 2020-05-07 02:01:59.250 CEST,9946711,13,0
Thu 2020-05-07 02:01:59.500 CEST,9950006,13,0
Thu 2020-05-07 02:01:59.750 CEST,9955350,13,0
Thu 2020-05-07 02:02:00.0 CEST,9959608,13,0
Thu 2020-05-07 02:02:00.250 CEST,9963971,13,0
Thu 2020-05-07 02:02:00.500 CEST,9967413,13,0
Thu 2020-05-07 02:02:00.750 CEST,9970968,13,0
Thu 2020-05-07 02:02:01.0 CEST,9975087,13,0
Thu 2020-05-07 02:02:01.250 CEST,9979422,13,0
Thu 2020-05-07 02:02:01.500 CEST,9982734,13,0
Thu 2020-05-07 02:02:01.750 CEST,9986776,13,0
Thu 2020-05-07 02:02:02.0 CEST,9991412,13,0
Thu 2020-05-07 02:02:02.250 CEST,9997058,13,0
Thu 2020-05-07 02:02:02.500 CEST,10001305,13,1
Thu 2020-05-07 02:02:02.750 CEST,10004706,13,1
Thu 2020-05-07 02:02:03.0 CEST,10010067,13,1
Thu 2020-05-07 02:02:03.250 CEST,10014196,13,1
Thu 2020-05-07 02:02:03.500 CEST,10019364,13,1
Thu 2020-05-07 02:02:03.750 CEST,10023428,13,1
Thu 2020-05-07 02:02:04.0 CEST,10028166,13,1
Thu 2020-05-07 02:02:04.250 CEST,10032529,13,1
Thu 2020-05-07 02:02:04.500 CEST,10037383,13,1
Thu 2020-05-07 02:02:04.750 CEST,10041589,13,1
Thu 2020-05-07 02:02:05.0 CEST,10045344,13,1
Thu 2020-05-07 02:02:05.250 CEST,10050832,13,1
Thu 2020-05-07 02:02:05.500 CEST,10055699,13,1
Thu 2020-05-07 02:02:05.750 CEST,10060077,13,1
Thu 2020-05-07 02:02:06.0 CEST,10065927,13,1
Thu 2020-05-07 02:02:06.250 CEST,10069649,13,1
Thu 2020-05-07 02:02:06.500 CEST,10073846,13,1
Thu 2020-05-07 02:02:06.750 CEST,10079022,13,1
Thu 2020-05-07 02:02:07.0 CEST,10083734,13,1
Thu 2020-05-07 02:02:07.250 CEST,10087662,13,1
Thu 2020-05-07 02:02:07.500 CEST,10092640,13,1
Thu 2020-05-07 02:02:07.750 CEST,10098457,13,1
Thu 2020-05-07 02:02:08.0 CEST,10103146,13,1
Thu 2020-05-07 02:02:08.250 CEST,10107950,13,1
Thu 2020-05-07 02:02:08.500 CEST,10113694,13,1
Thu 2020-05-07 02:02:08.750 CEST,10119297,13,1
Thu 2020-05-07 02:02:09.0 CEST,10125217,13,1
Thu 2020-05-07 02:02:09.250 CEST,10130604,13,1
Thu 2020-05-07 02:02:09.500 CEST,10136566,13,1
Thu 2020-05-07 02:02:09.750 CEST,10141461,13,1
Thu 2020-05-07 02:02:10.0 CEST,10146820,13,1
Thu 2020-05-07 02:02:10.250 CEST,10151341,13,1
Thu 2020-05-07 02:02:10.500 CEST,10156337,13,1
Thu 2020-05-07 02:02:10.750 CEST,10161343,13,1
Thu 2020-05-07 02:02:11.0 CEST,10166230,13,1
Thu 2020-05-07 02:02:11.250 CEST,10170653,13,1
Thu 2020-05-07 02:02:11.500 CEST,10175933,13,1
Thu 2020-05-07 02:02:11.750 CEST,10179790,13,1
Thu 2020-05-07 02:02:12.0 CEST,10184759,13,1
Thu 2020-05-07 02:02:12.250 CEST,10189098,13,1
Thu 2020-05-07 02:02:12.500 CEST,10193316,13,1
Thu 2020-05-07 02:02:12.750 CEST,10198182,13,1
Thu 2020-05-07 02:02:13.0 CEST,10204138,13,1
Thu 2020-05-07 02:02:13.250 CEST,10209775,13,1
Thu 2020-05-07 02:02:13.500 CEST,10215557,13,1
Thu 2020-05-07 02:02:13.750 CEST,10221051,13,1
Thu 2020-05-07 02:02:14.0 CEST,10226484,13,1
Thu 2020-05-07 02:02:14.250 CEST,10232525,13,1
Thu 2020-05-07 02:02:14.500 CEST,10237276,13,1
Thu 2020-05-07 02:02:14.750 CEST,10241489,13,1
Thu 2020-05-07 02:02:15.0 CEST,10247913,13,1
Thu 2020-05-07 02:02:15.250 CEST,10254084,13,1
Thu 2020-05-07 02:02:15.500 CEST,10260107,13,1
Thu 2020-05-07 02:02:15.750 CEST,10265233,13,1
Thu 2020-05-07 02:02:16.0 CEST,10270207,13,1
Thu 2020-05-07 02:02:16.250 CEST,10275958,13,1
Thu 2020-05-07 02:02:16.500 CEST,10280222,13,1
Thu 2020-05-07 02:02:16.750 CEST,10284637,13,1
Thu 2020-05-07 02:02:17.0 CEST,10289282,13,1
Thu 2020-05-07 02:02:17.250 CEST,10295838,13,1
Thu 2020-05-07 02:02:17.500 CEST,10301464,13,1
Thu 2020-05-07 02:02:17.750 CEST,10307770,13,1
Thu 2020-05-07 02:02:18.0 CEST,10312298,13,1
Thu 2020-05-07 02:02:18.250 CEST,10316793,13,1
Thu 2020-05-07 02:02:18.500 CEST,10321964,13,1
Thu 2020-05-07 02:02:18.750 CEST,10327189,13,1
Thu 2020-05-07 02:02:19.0 CEST,10331904,13,1
Thu 2020-05-07 02:02:19.250 CEST,10338138,13,1
Thu 2020-05-07 02:02:19.500 CEST,10342987,13,1
Thu 2020-05-07 02:02:19.750 CEST,10348425,13,1
Thu 2020-05-07 02:02:20.0 CEST,10354738,13,1
Thu 2020-05-07 02:02:20.250 CEST,10359968,13,1
Thu 2020-05-07 02:02:20.500 CEST,10366420,13,1
Thu 2020-05-07 02:02:20.750 CEST,10372421,13,1
Thu 2020-05-07 02:02:21.0 CEST,10377006,13,1
Thu 2020-05-07 02:02:21.250 CEST,10382509,13,1
Thu 2020-05-07 02:02:21.500 CEST,10387693,13,1
Thu 2020-05-07 02:02:21.750 CEST,10393787,13,1
Thu 2020-05-07 02:02:22.0 CEST,10398991,13,1
Thu 2020-05-07 02:02:22.250 CEST,10404538,13,1
Thu 2020-05-07 02:02:22.500 CEST,10410442,13,1
Thu 2020-05-07 02:02:22.750 CEST,10415687,13,1
Thu 2020-05-07 02:02:23.0 CEST,10420572,13,1
Thu 2020-05-07 02:02:23.250 CEST,10426087,13,1
Thu 2020-05-07 02:02:23.500 CEST,10431997,13,1
Thu 2020-05-07 02:02:23.750 CEST,10437380,13,1
Thu 2020-05-07 02:02:24.0 CEST,10444156,13,1
Thu 2020-05-07 02:02:24.250 CEST,10450262,13,1
Thu 2020-05-07 02:02:24.500 CEST,10455978,13,1
Thu 2020-05-07 02:02:24.750 CEST,10460901,13,1
Thu 2020-05-07 02:02:25.0 CEST,10466613,13,1
Thu 2020-05-07 02:02:25.250 CEST,10471427,13,1
Thu 2020-05-07 02:02:25.500 CEST,10476115,13,1
Thu 2020-05-07 02:02:25.750 CEST,10482199,13,1
Thu 2020-05-07 02:02:26.0 CEST,10486902,13,1
Thu 2020-05-07 02:02:26.250 CEST,10492140,13,1
Thu 2020-05-07 02:02:26.500 CEST,10498813,13,1
Thu 2020-05-07 02:02:26.750 CEST,10503582,13,1
Thu 2020-05-07 02:02:27.0 CEST,10510389,13,1
Thu 2020-05-07 02:02:27.250 CEST,10515267,13,1
Thu 2020-05-07 02:02:27.500 CEST,10521215,13,1
Thu 2020-05-07 02:02:27.750 CEST,10527660,13,1
Thu 2020-05-07 02:02:28.0 CEST,10533044,13,1
Thu 2020-05-07 02:02:28.250 CEST,10538739,13,1
Thu 2020-05-07 02:02:28.500 CEST,10544030,13,1
Thu 2020-05-07 02:02:28.750 CEST,10549665,13,1
Thu 2020-05-07 02:02:29.0 CEST,10556515,13,1
Thu 2020-05-07 02:02:29.250 CEST,10562192,13,1
Thu 2020-05-07 02:02:29.500 CEST,10569107,13,1
Thu 2020-05-07 02:02:29.750 CEST,10574367,13,1
Thu 2020-05-07 02:02:30.0 CEST,10581182,13,1
Thu 2020-05-07 02:02:30.250 CEST,10586741,13,1
Thu 2020-05-07 02:02:30.500 CEST,10592373,13,1
Thu 2020-05-07 02:02:30.750 CEST,10599620,13,1
Thu 2020-05-07 02:02:31.0 CEST,10606227,13,1
Thu 2020-05-07 02:02:31.250 CEST,10612850,13,1
Thu 2020-05-07 02:02:31.500 CEST,10618582,13,1
Thu 2020-05-07 02:02:31.750 CEST,10624616,13,1
Thu 2020-05-07 02:02:32.0 CEST,10629980,13,1
Thu 2020-05-07 02:02:32.250 CEST,10636884,13,1
Thu 2020-05-07 02:02:32.500 CEST,10643283,13,1
Thu 2020-05-07 02:02:32.750 CEST,10649786,13,1
Thu 2020-05-07 02:02:33.0 CEST,10656480,13,1
Thu 2020-05-07 02:02:33.250 CEST,10662527,13,1
Thu 2020-05-07 02:02:33.500 CEST,10670060,13,1
Thu 2020-05-07 02:02:33.750 CEST,10676824,13,1
Thu 2020-05-07 02:02:34.0 CEST,10683023,13,1
Thu 2020-05-07 02:02:34.250 CEST,10689727,13,1
Thu 2020-05-07 02:02:34.500 CEST,10696579,13,1
Thu 2020-05-07 02:02:34.750 CEST,10702488,13,1
Thu 2020-05-07 02:02:35.0 CEST,10709359,13,1
Thu 2020-05-07 02:02:35.250 CEST,10716996,13,1
Thu 2020-05-07 02:02:35.500 CEST,10724608,13,1
Thu 2020-05-07 02:02:35.750 CEST,10732105,13,1
Thu 2020-05-07 02:02:36.0 CEST,10738263,13,1
Thu 2020-05-07 02:02:36.250 CEST,10745942,13,1
Thu 2020-05-07 02:02:36.500 CEST,10751433,13,1
Thu 2020-05-07 02:02:36.750 CEST,10759187,13,1
Thu 2020-05-07 02:02:37.0 CEST,10765307,13,1
Thu 2020-05-07 02:02:37.250 CEST,10772427,13,1
Thu 2020-05-07 02:02:37.500 CEST,10780138,13,1
Thu 2020-05-07 02:02:37.750 CEST,10785790,13,1
Thu 2020-05-07 02:02:38.0 CEST,10793573,13,1
Thu 2020-05-07 02:02:38.250 CEST,10799166,13,1
Thu 2020-05-07 02:02:38.500 CEST,10806701,13,1
Thu 2020-05-07 02:02:38.750 CEST,10813310,13,1
Thu 2020-05-07 02:02:39.0 CEST,10820567,13,1
Thu 2020-05-07 02:02:39.250 CEST,10826458,13,1
Thu 2020-05-07 02:02:39.500 CEST,10834109,13,1
Thu 2020-05-07 02:02:39.750 CEST,10841723,13,1
Thu 2020-05-07 02:02:40.0 CEST,10849060,13,1
Thu 2020-05-07 02:02:40.250 CEST,10855670,13,1
Thu 2020-05-07 02:02:40.500 CEST,10861896,13,1
Thu 2020-05-07 02:02:40.750 CEST,10868019,13,1
Thu 2020-05-07 02:02:41.0 CEST,10875590,13,1
Thu 2020-05-07 02:02:41.250 CEST,10881409,13,1
Thu 2020-05-07 02:02:41.500 CEST,10888742,13,1
Thu 2020-05-07 02:02:41.750 CEST,10894542,13,1
Thu 2020-05-07 02:02:42.0 CEST,10901916,13,1
Thu 2020-05-07 02:02:42.250 CEST,10908534,13,1
Thu 2020-05-07 02:02:42.500 CEST,10915060,13,1
Thu 2020-05-07 02:02:42.750 CEST,10921270,13,1
Thu 2020-05-07 02:02:43.0 CEST,10927474,13,1
Thu 2020-05-07 02:02:43.250 CEST,10933546,13,1
Thu 2020-05-07 02:02:43.500 CEST,10939607,13,1
Thu 2020-05-07 02:02:43.750 CEST,10946708,13,1
Thu 2020-05-07 02:02:44.0 CEST,10952781,13,1
Thu 2020-05-07 02:02:44.250 CEST,10961005,13,1
Thu 2020-05-07 02:02:44.500 CEST,10968148,13,1
Thu 2020-05-07 02:02:44.750 CEST,10975014,13,1
Thu 2020-05-07 02:02:45.0 CEST,10982615,13,1
Thu 2020-05-07 02:02:45.250 CEST,10989274,13,1
Thu 2020-05-07 02:02:45.500 CEST,10995982,13,1
Thu 2020-05-07 02:02:45.750 CEST,11003138,13,1
Thu 2020-05-07 02:02:46.0 CEST,11009984,13,1
Thu 2020-05-07 02:02:46.250 CEST,11016403,13,1
Thu 2020-05-07 02:02:46.500 CEST,11024728,13,1
Thu 2020-05-07 02:02:46.750 CEST,11032939,13,1
Thu 2020-05-07 02:02:47.0 CEST,11039340,13,1
Thu 2020-05-07 02:02:47.250 CEST,11047426,13,1
Thu 2020-05-07 02:02:47.500 CEST,11055345,13,1
Thu 2020-05-07 02:02:47.750 CEST,11063125,13,1
Thu 2020-05-07 02:02:48.0 CEST,11069447,13,1
Thu 2020-05-07 02:02:48.250 CEST,11077601,13,1
Thu 2020-05-07 02:02:48.500 CEST,11085934,13,1
Thu 2020-05-07 02:02:48.750 CEST,11093803,13,1
Thu 2020-05-07 02:02:49.0 CEST,11102173,13,1
Thu 2020-05-07 02:02:49.250 CEST,11109818,13,1
Thu 2020-05-07 02:02:49.500 CEST,11117850,13,1
Thu 2020-05-07 02:02:49.750 CEST,11125104,13,1
Thu 2020-05-07 02:02:50.0 CEST,11133261,13,1
Thu 2020-05-07 02:02:50.250 CEST,11139732,13,1
Thu 2020-05-07 02:02:50.500 CEST,11147493,13,1
Thu 2020-05-07 02:02:50.750 CEST,11156134,13,1
Thu 2020-05-07 02:02:51.0 CEST,11162505,13,1
Thu 2020-05-07 02:02:51.250 CEST,11170138,13,1
Thu 2020-05-07 02:02:51.500 CEST,11177273,13,1
Thu 2020-05-07 02:02:51.750 CEST,11183931,13,1
Thu 2020-05-07 02:02:52.0 CEST,11191584,13,1
Thu 2020-05-07 02:02:52.250 CEST,11199606,13,1
Thu 2020-05-07 02:02:52.500 CEST,11206857,13,1
Thu 2020-05-07 02:02:52.750 CEST,11213420,13,1
Thu 2020-05-07 02:02:53.0 CEST,11222232,13,1
Thu 2020-05-07 02:02:53.250 CEST,11230303,13,1
Thu 2020-05-07 02:02:53.500 CEST,11238118,13,1
Thu 2020-05-07 02:02:53.750 CEST,11245017,13,1
Thu 2020-05-07 02:02:54.0 CEST,11253133,13,1
Thu 2020-05-07 02:02:54.250 CEST,11260917,13,1
Thu 2020-05-07 02:02:54.500 CEST,11267654,13,1
Thu 2020-05-07 02:02:54.750 CEST,11276182,13,1
Thu 2020-05-07 02:02:55.0 CEST,11283208,13,1
Thu 2020-05-07 02:02:55.250 CEST,11291405,13,1
Thu 2020-05-07 02:02:55.500 CEST,11298837,13,1
Thu 2020-05-07 02:02:55.750 CEST,11306128,13,1
Thu 2020-05-07 02:02:56.0 CEST,11314004,13,1
Thu 2020-05-07 02:02:56.250 CEST,11320841,13,1
Thu 2020-05-07 02:02:56.500 CEST,11329895,13,1
Thu 2020-05-07 02:02:56.750 CEST,11337180,13,1
Thu 2020-05-07 02:02:57.0 CEST,11345519,13,1
Thu 2020-05-07 02:02:57.250 CEST,11354044,13,1
Thu 2020-05-07 02:02:57.500 CEST,11361970,13,1
Thu 2020-05-07 02:02:57.750 CEST,11369436,13,1
Thu 2020-05-07 02:02:58.0 CEST,11377786,13,1
Thu 2020-05-07 02:02:58.250 CEST,11384845,13,1
Thu 2020-05-07 02:02:58.500 CEST,11391871,13,1
Thu 2020-05-07 02:02:58.750 CEST,11400330,13,1
Thu 2020-05-07 02:02:59.0 CEST,11408742,13,1
Thu 2020-05-07 02:02:59.250 CEST,11416170,13,1
Thu 2020-05-07 02:02:59.500 CEST,11424536,13,1
Thu 2020-05-07 02:02:59.750 CEST,11433833,13,1
Thu 2020-05-07 02:03:00.0 CEST,11442935,13,1
Thu 2020-05-07 02:03:00.250 CEST,11452185,13,1
Thu 2020-05-07 02:03:00.500 CEST,11459260,13,1
Thu 2020-05-07 02:03:00.750 CEST,11467935,13,1
Thu 2020-05-07 02:03:01.0 CEST,11476436,13,1
Thu 2020-05-07 02:03:01.250 CEST,11484889,13,1
Thu 2020-05-07 02:03:01.500 CEST,11494009,13,1
Thu 2020-05-07 02:03:01.750 CEST,11501318,13,1
Thu 2020-05-07 02:03:02.0 CEST,11510630,13,1
Thu 2020-05-07 02:03:02.250 CEST,11519981,13,1
Thu 2020-05-07 02:03:02.500 CEST,11529294,13,1
Thu 2020-05-07 02:03:02.750 CEST,11536690,13,1
Thu 2020-05-07 02:03:03.0 CEST,11545278,13,1
Thu 2020-05-07 02:03:03.250 CEST,11552609,13,1
Thu 2020-05-07 02:03:03.500 CEST,11560702,13,1
Thu 2020-05-07 02:03:03.750 CEST,11570118,13,1
Thu 2020-05-07 02:03:04.0 CEST,11577656,13,1
Thu 2020-05-07 02:03:04.250 CEST,11585319,13,1
Thu 2020-05-07 02:03:04.500 CEST,11594919,13,1
Thu 2020-05-07 02:03:04.750 CEST,11603677,13,1
Thu 2020-05-07 02:03:05.0 CEST,11612729,13,1
Thu 2020-05-07 02:03:05.250 CEST,11621135,13,1
Thu 2020-05-07 02:03:05.500 CEST,11630624,13,1
Thu 2020-05-07 02:03:05.750 CEST,11638870,13,1
Thu 2020-05-07 02:03:06.0 CEST,11647127,13,1
Thu 2020-05-07 02:03:06.250 CEST,11656415,13,1
Thu 2020-05-07 02:03:06.500 CEST,11665877,13,1
Thu 2020-05-07 02:03:06.750 CEST,11675721,13,1
Thu 2020-05-07 02:03:07.0 CEST,11683192,13,1
Thu 2020-05-07 02:03:07.250 CEST,11691757,13,1
Thu 2020-05-07 02:03:07.500 CEST,11701616,13,1
Thu 2020-05-07 02:03:07.750 CEST,11711291,13,1
Thu 2020-05-07 02:03:08.0 CEST,11719790,13,1
Thu 2020-05-07 02:03:08.250 CEST,11729355,13,1
Thu 2020-05-07 02:03:08.500 CEST,11737916,13,1
Thu 2020-05-07 02:03:08.750 CEST,11747510,13,1
Thu 2020-05-07 02:03:09.0 CEST,11756140,13,1
Thu 2020-05-07 02:03:09.250 CEST,11764415,13,1
Thu 2020-05-07 02:03:09.500 CEST,11774294,13,1
Thu 2020-05-07 02:03:09.750 CEST,11782357,13,1
Thu 2020-05-07 02:03:10.0 CEST,11790085,13,1
Thu 2020-05-07 02:03:10.250 CEST,11799362,13,1
Thu 2020-05-07 02:03:10.500 CEST,11807725,13,1
Thu 2020-05-07 02:03:10.750 CEST,11816490,13,1
Thu 2020-05-07 02:03:11.0 CEST,11825965,13,1
Thu 2020-05-07 02:03:11.250 CEST,11834834,13,1
Thu 2020-05-07 02:03:11.500 CEST,11843445,13,1
Thu 2020-05-07 02:03:11.750 CEST,11853270,13,1
Thu 2020-05-07 02:03:12.0 CEST,11862596,13,1
Thu 2020-05-07 02:03:12.250 CEST,11870745,13,1
Thu 2020-05-07 02:03:12.500 CEST,11879248,13,1
Thu 2020-05-07 02:03:12.750 CEST,11887963,13,1
Thu 2020-05-07 02:03:13.0 CEST,11896802,13,1
Thu 2020-05-07 02:03:13.250 CEST,11905094,13,1
Thu 2020-05-07 02:03:13.500 CEST,11914302,13,1
Thu 2020-05-07 02:03:13.750 CEST,11924063,13,1
Thu 2020-05-07 02:03:14.0 CEST,11933853,13,1
Thu 2020-05-07 02:03:14.250 CEST,11942750,13,1
Thu 2020-05-07 02:03:14.500 CEST,11952563,13,1
Thu 2020-05-07 02:03:14.750 CEST,11962416,13,1
Thu 2020-05-07 02:03:15.0 CEST,11972450,13,1
Thu 2020-05-07 02:03:15.250 CEST,11981838,13,1
Thu 2020-05-07 02:03:15.500 CEST,11991064,13,1
Thu 2020-05-07 02:03:15.750 CEST,11999712,13,1
Thu 2020-05-07 02:03:16.0 CEST,12008326,13,1
Thu 2020-05-07 02:03:16.250 CEST,12018593,13,1
Thu 2020-05-07 02:03:16.500 CEST,12028859,13,1
Thu 2020-05-07 02:03:16.750 CEST,12038546,13,1
Thu 2020-05-07 02:03:17.0 CEST,12049074,13,1
Thu 2020-05-07 02:03:17.250 CEST,12059222,13,1
Thu 2020-05-07 02:03:17.500 CEST,12068921,13,1
Thu 2020-05-07 02:03:17.750 CEST,12079544,13,1
Thu 2020-05-07 02:03:18.0 CEST,12088916,13,1
Thu 2020-05-07 02:03:18.250 CEST,12099306,13,1
Thu 2020-05-07 02:03:18.500 CEST,12108603,13,1
Thu 2020-05-07 02:03:18.750 CEST,12119304,13,1
Thu 2020-05-07 02:03:19.0 CEST,12127998,13,1
Thu 2020-05-07 02:03:19.250 CEST,12137723,13,1
Thu 2020-05-07 02:03:19.500 CEST,12147646,13,1
Thu 2020-05-07 02:03:19.750 CEST,12157445,13,1
Thu 2020-05-07 02:03:20.0 CEST,12167078,13,1
Thu 2020-05-07 02:03:20.250 CEST,12177682,13,1
Thu 2020-05-07 02:03:20.500 CEST,12187918,13,1
Thu 2020-05-07 02:03:20.750 CEST,12198530,13,1
Thu 2020-05-07 02:03:21.0 CEST,12209110,13,1
Thu 2020-05-07 02:03:21.250 CEST,12218255,13,1
Thu 2020-05-07 02:03:21.500 CEST,12228310,13,1
Thu 2020-05-07 02:03:21.750 CEST,12238344,13,1
Thu 2020-05-07 02:03:22.0 CEST,12247993,13,1
Thu 2020-05-07 02:03:22.250 CEST,12257048,13,1
Thu 2020-05-07 02:03:22.500 CEST,12266539,13,1
Thu 2020-05-07 02:03:22.750 CEST,12275808,13,1
Thu 2020-05-07 02:03:23.0 CEST,12285783,13,1
Thu 2020-05-07 02:03:23.250 CEST,12296012,13,1
Thu 2020-05-07 02:03:23.500 CEST,12305422,13,1
Thu 2020-05-07 02:03:23.750 CEST,12315922,13,1
Thu 2020-05-07 02:03:24.0 CEST,12325907,13,1
Thu 2020-05-07 02:03:24.250 CEST,12335054,13,1
Thu 2020-05-07 02:03:24.500 CEST,12344255,13,1
Thu 2020-05-07 02:03:24.750 CEST,12354200,13,1
Thu 2020-05-07 02:03:25.0 CEST,12364872,13,1
Thu 2020-05-07 02:03:25.250 CEST,12375565,13,1
Thu 2020-05-07 02:03:25.500 CEST,12385506,13,1
Thu 2020-05-07 02:03:25.750 CEST,12394468,13,1
Thu 2020-05-07 02:03:26.0 CEST,12404449,13,1
Thu 2020-05-07 02:03:26.250 CEST,12414966,13,1
Thu 2020-05-07 02:03:26.500 CEST,12426325,13,1
Thu 2020-05-07 02:03:26.750 CEST,12436677,13,1
Thu 2020-05-07 02:03:27.0 CEST,12445740,13,1
Thu 2020-05-07 02:03:27.250 CEST,12455824,13,1
Thu 2020-05-07 02:03:27.500 CEST,12467157,13,1
Thu 2020-05-07 02:03:27.750 CEST,12477451,13,1
Thu 2020-05-07 02:03:28.0 CEST,12487317,13,1
Thu 2020-05-07 02:03:28.250 CEST,12498044,13,1
Thu 2020-05-07 02:03:28.500 CEST,12508089,13,1
Thu 2020-05-07 02:03:28.750 CEST,12517654,13,1
Thu 2020-05-07 02:03:29.0 CEST,12528590,13,1
Thu 2020-05-07 02:03:29.250 CEST,12540171,13,1
Thu 2020-05-07 02:03:29.500 CEST,12551230,13,1
Thu 2020-05-07 02:03:29.750 CEST,12560856,13,1
Thu 2020-05-07 02:03:30.0 CEST,12570512,13,1
Thu 2020-05-07 02:03:30.250 CEST,12582027,13,1
Thu 2020-05-07 02:03:30.500 CEST,12591868,13,1
Thu 2020-05-07 02:03:30.750 CEST,12602861,13,1
Thu 2020-05-07 02:03:31.0 CEST,12613547,13,1
Thu 2020-05-07 02:03:31.250 CEST,12623684,13,1
Thu 2020-05-07 02:03:31.500 CEST,12634078,13,1
Thu 2020-05-07 02:03:31.750 CEST,12645595,13,1
Thu 2020-05-07 02:03:32.0 CEST,12655705,13,1
Thu 2020-05-07 02:03:32.250 CEST,12666542,13,1
Thu 2020-05-07 02:03:32.500 CEST,12676824,13,1
Thu 2020-05-07 02:03:32.750 CEST,12686407,13,1
Thu 2020-05-07 02:03:33.0 CEST,12696718,13,1
Thu 2020-05-07 02:03:33.250 CEST,12707667,13,1
Thu 2020-05-07 02:03:33.500 CEST,12717354,13,1
Thu 2020-05-07 02:03:33.750 CEST,12728768,13,1
Thu 2020-05-07 02:03:34.0 CEST,12738937,13,1
Thu 2020-05-07 02:03:34.250 CEST,12750631,13,1
Thu 2020-05-07 02:03:34.500 CEST,12760621,13,1
Thu 2020-05-07 02:03:34.750 CEST,12770894,13,1
Thu 2020-05-07 02:03:35.0 CEST,12781292,13,1
Thu 2020-05-07 02:03:35.250 CEST,12791216,13,1
Thu 2020-05-07 02:03:35.500 CEST,12802765,13,1
Thu 2020-05-07 02:03:35.750 CEST,12813554,13,1
Thu 2020-05-07 02:03:36.0 CEST,12825147,13,1
Thu 2020-05-07 02:03:36.250 CEST,12837227,13,1
Thu 2020-05-07 02:03:36.500 CEST,12848481,13,1
Thu 2020-05-07 02:03:36.750 CEST,12859053,13,1
Thu 2020-05-07 02:03:37.0 CEST,12871172,13,1
Thu 2020-05-07 02:03:37.250 CEST,12881488,13,1
Thu 2020-05-07 02:03:37.500 CEST,12892505,13,1
Thu 2020-05-07 02:03:37.750 CEST,12904643,13,1
Thu 2020-05-07 02:03:38.0 CEST,12916816,13,1
Thu 2020-05-07 02:03:38.250 CEST,12927996,13,1
Thu 2020-05-07 02:03:38.500 CEST,12939463,13,1
Thu 2020-05-07 02:03:38.750 CEST,12950637,13,1
Thu 2020-05-07 02:03:39.0 CEST,12962650,13,1
Thu 2020-05-07 02:03:39.250 CEST,12974751,13,1
Thu 2020-05-07 02:03:39.500 CEST,12985261,13,1
Thu 2020-05-07 02:03:39.750 CEST,12995618,13,1
Thu 2020-05-07 02:03:40.0 CEST,13006768,13,1
Thu 2020-05-07 02:03:40.250 CEST,13018153,13,1
Thu 2020-05-07 02:03:40.500 CEST,13030631,13,1
Thu 2020-05-07 02:03:40.750 CEST,13042208,13,1
Thu 2020-05-07 02:03:41.0 CEST,13052674,13,1
Thu 2020-05-07 02:03:41.250 CEST,13064915,13,1
Thu 2020-05-07 02:03:41.500 CEST,13075559,13,1
Thu 2020-05-07 02:03:41.750 CEST,13086228,13,1
Thu 2020-05-07 02:03:42.0 CEST,13098210,13,1
Thu 2020-05-07 02:03:42.250 CEST,13108836,13,1
Thu 2020-05-07 02:03:42.500 CEST,13119749,13,1
Thu 2020-05-07 02:03:42.750 CEST,13132079,13,1
Thu 2020-05-07 02:03:43.0 CEST,13142996,13,1
Thu 2020-05-07 02:03:43.250 CEST,13155366,13,1
Thu 2020-05-07 02:03:43.500 CEST,13166408,13,1
Thu 2020-05-07 02:03:43.750 CEST,13178784,13,1
Thu 2020-05-07 02:03:44.0 CEST,13191115,13,1
Thu 2020-05-07 02:03:44.250 CEST,13203236,13,1
Thu 2020-05-07 02:03:44.500 CEST,13214023,13,1
Thu 2020-05-07 02:03:44.750 CEST,13225856,13,1
Thu 2020-05-07 02:03:45.0 CEST,13238054,13,1
Thu 2020-05-07 02:03:45.250 CEST,13249600,13,1
Thu 2020-05-07 02:03:45.500 CEST,13261326,13,1
Thu 2020-05-07 02:03:45.750 CEST,13273432,13,1
Thu 2020-05-07 02:03:46.0 CEST,13285836,13,1
Thu 2020-05-07 02:03:46.250 CEST,13296721,13,1
Thu 2020-05-07 02:03:46.500 CEST,13309638,13,1
Thu 2020-05-07 02:03:46.750 CEST,13321706,13,1
Thu 2020-05-07 02:03:47.0 CEST,13334285,13,1
Thu 2020-05-07 02:03:47.250 CEST,13345319,13,1
Thu 2020-05-07 02:03:47.500 CEST,13357295,13,1
Thu 2020-05-07 02:03:47.750 CEST,13368154,13,1
Thu 2020-05-07 02:03:48.0 CEST,13380520,13,1
Thu 2020-05-07 02:03:48.250 CEST,13392497,13,1
Thu 2020-05-07 02:03:48.500 CEST,13404836,13,1
Thu 2020-05-07 02:03:48.750 CEST,13417114,13,1
Thu 2020-05-07 02:03:49.0 CEST,13428355,13,1
Thu 2020-05-07 02:03:49.250 CEST,13440741,13,1
Thu 2020-05-07 02:03:49.500 CEST,13453069,13,1
Thu 2020-05-07 02:03:49.750 CEST,13465652,13,1
Thu 2020-05-07 02:03:50.0 CEST,13478439,13,1
Thu 2020-05-07 02:03:50.250 CEST,13490997,13,1
Thu 2020-05-07 02:03:50.500 CEST,13503241,13,1
Thu 2020-05-07 02:03:50.750 CEST,13516219,13,1
Thu 2020-05-07 02:03:51.0 CEST,13527999,13,1
Thu 2020-05-07 02:03:51.250 CEST,13540516,13,1
Thu 2020-05-07 02:03:51.500 CEST,13552679,13,1
Thu 2020-05-07 02:03:51.750 CEST,13564015,13,1
Thu 2020-05-07 02:03:52.0 CEST,13575856,13,1
Thu 2020-05-07 02:03:52.250 CEST,13588389,13,1
Thu 2020-05-07 02:03:52.500 CEST,13601117,13,1
Thu 2020-05-07 02:03:52.750 CEST,13614694,13,1
Thu 2020-05-07 02:03:53.0 CEST,13627854,13,1
Thu 2020-05-07 02:03:53.250 CEST,13641367,13,1
Thu 2020-05-07 02:03:53.500 CEST,13654123,13,1
Thu 2020-05-07 02:03:53.750 CEST,13666738,13,1
Thu 2020-05-07 02:03:54.0 CEST,13680130,13,1
Thu 2020-05-07 02:03:54.250 CEST,13692376,13,1
Thu 2020-05-07 02:03:54.500 CEST,13706009,13,1
Thu 2020-05-07 02:03:54.750 CEST,13718944,13,1
Thu 2020-05-07 02:03:55.0 CEST,13731567,13,1
Thu 2020-05-07 02:03:55.250 CEST,13743660,13,1
Thu 2020-05-07 02:03:55.500 CEST,13756754,13,1
Thu 2020-05-07 02:03:55.750 CEST,13770584,13,1
Thu 2020-05-07 02:03:56.0 CEST,13783474,13,1
Thu 2020-05-07 02:03:56.250 CEST,13795303,13,1
Thu 2020-05-07 02:03:56.500 CEST,13807786,13,1
Thu 2020-05-07 02:03:56.750 CEST,13821108,13,1
Thu 2020-05-07 02:03:57.0 CEST,13834491,13,1
Thu 2020-05-07 02:03:57.250 CEST,13848012,13,1
Thu 2020-05-07 02:03:57.500 CEST,13860639,13,1
Thu 2020-05-07 02:03:57.750 CEST,13873074,13,1
Thu 2020-05-07 02:03:58.0 CEST,13885832,13,1
Thu 2020-05-07 02:03:58.250 CEST,13899326,13,1
Thu 2020-05-07 02:03:58.500 CEST,13913340,13,1
Thu 2020-05-07 02:03:58.750 CEST,13926893,13,1
Thu 2020-05-07 02:03:59.0 CEST,13939496,13,1
Thu 2020-05-07 02:03:59.250 CEST,13952243,13,1
Thu 2020-05-07 02:03:59.500 CEST,13965643,13,1
Thu 2020-05-07 02:03:59.750 CEST,13978576,13,1
Thu 2020-05-07 02:04:00.0 CEST,13992759,13,1
Thu 2020-05-07 02:04:00.250 CEST,14004932,13,1
Thu 2020-05-07 02:04:00.500 CEST,14017902,13,1
Thu 2020-05-07 02:04:00.750 CEST,14031245,13,1
Thu 2020-05-07 02:04:01.0 CEST,14043345,13,1
Thu 2020-05-07 02:04:01.250 CEST,14057428,13,1
Thu 2020-05-07 02:04:01.500 CEST,14071720,13,1
Thu 2020-05-07 02:04:01.750 CEST,14085960,13,1
Thu 2020-05-07 02:04:02.0 CEST,14098177,13,1
Thu 2020-05-07 02:04:02.250 CEST,14111968,13,1
Thu 2020-05-07 02:04:02.500 CEST,14125423,13,1
Thu 2020-05-07 02:04:02.750 CEST,14138922,13,1
Thu 2020-05-07 02:04:03.0 CEST,14153442,13,1
Thu 2020-05-07 02:04:03.250 CEST,14165767,13,1
Thu 2020-05-07 02:04:03.500 CEST,14178850,13,1
Thu 2020-05-07 02:04:03.750 CEST,14191992,13,1
Thu 2020-05-07 02:04:04.0 CEST,14204692,13,1
Thu 2020-05-07 02:04:04.250 CEST,14218783,13,1
Thu 2020-05-07 02:04:04.500 CEST,14231347,13,1
Thu 2020-05-07 02:04:04.750 CEST,14245473,13,1
Thu 2020-05-07 02:04:05.0 CEST,14258703,13,1
Thu 2020-05-07 02:04:05.250 CEST,14271891,13,1
Thu 2020-05-07 02:04:05.500 CEST,14286427,13,1
Thu 2020-05-07 02:04:05.750 CEST,14300368,13,1
Thu 2020-05-07 02:04:06.0 CEST,14313015,13,1
Thu 2020-05-07 02:04:06.250 CEST,14327507,13,1
Thu 2020-05-07 02:04:06.500 CEST,14340920,13,1
Thu 2020-05-07 02:04:06.750 CEST,14354469,13,1
Thu 2020-05-07 02:04:07.0 CEST,14367582,13,1
Thu 2020-05-07 02:04:07.250 CEST,14382211,13,1
Thu 2020-05-07 02:04:07.500 CEST,14396486,13,1
Thu 2020-05-07 02:04:07.750 CEST,14409587,13,1
Thu 2020-05-07 02:04:08.0 CEST,14424573,13,1
Thu 2020-05-07 02:04:08.250 CEST,14437577,13,1
Thu 2020-05-07 02:04:08.500 CEST,14451724,13,1
Thu 2020-05-07 02:04:08.750 CEST,14466488,13,1
Thu 2020-05-07 02:04:09.0 CEST,14481232,13,1
Thu 2020-05-07 02:04:09.250 CEST,14494903,13,1
Thu 2020-05-07 02:04:09.500 CEST,14509552,13,1
Thu 2020-05-07 02:04:09.750 CEST,14524536,13,1
Thu 2020-05-07 02:04:10.0 CEST,14537597,13,1
Thu 2020-05-07 02:04:10.250 CEST,14550841,13,1
Thu 2020-05-07 02:04:10.500 CEST,14564441,13,1
Thu 2020-05-07 02:04:10.750 CEST,14579517,13,1
Thu 2020-05-07 02:04:11.0 CEST,14592994,13,1
Thu 2020-05-07 02:04:11.250 CEST,14607127,13,1
Thu 2020-05-07 02:04:11.500 CEST,14620807,13,1
Thu 2020-05-07 02:04:11.750 CEST,14634388,13,1
Thu 2020-05-07 02:04:12.0 CEST,14648026,13,1
Thu 2020-05-07 02:04:12.250 CEST,14662062,13,1
Thu 2020-05-07 02:04:12.500 CEST,14675137,13,1
Thu 2020-05-07 02:04:12.750 CEST,14689316,13,1
Thu 2020-05-07 02:04:13.0 CEST,14704265,13,1
Thu 2020-05-07 02:04:13.250 CEST,14719576,13,1
Thu 2020-05-07 02:04:13.500 CEST,14732972,13,1
Thu 2020-05-07 02:04:13.750 CEST,14747786,13,1
Thu 2020-05-07 02:04:14.0 CEST,14762819,13,1
Thu 2020-05-07 02:04:14.250 CEST,14776799,13,1
Thu 2020-05-07 02:04:14.500 CEST,14792309,13,1
Thu 2020-05-07 02:04:14.750 CEST,14805614,13,1
Thu 2020-05-07 02:04:15.0 CEST,14819359,13,1
Thu 2020-05-07 02:04:15.250 CEST,14834257,13,1
Thu 2020-05-07 02:04:15.500 CEST,14847717,13,1
Thu 2020-05-07 02:04:15.750 CEST,14861077,13,1
Thu 2020-05-07 02:04:16.0 CEST,14876422,13,1
Thu 2020-05-07 02:04:16.250 CEST,14891012,13,1
Thu 2020-05-07 02:04:16.500 CEST,14906532,13,1
Thu 2020-05-07 02:04:16.750 CEST,14921157,13,1
Thu 2020-05-07 02:04:17.0 CEST,14936768,13,1
Thu 2020-05-07 02:04:17.250 CEST,14951426,13,1
Thu 2020-05-07 02:04:17.500 CEST,14965500,13,1
Thu 2020-05-07 02:04:17.750 CEST,14981014,13,1
Thu 2020-05-07 02:04:18.0 CEST,14996171,13,1
Thu 2020-05-07 02:04:18.250 CEST,15010640,13,1
Thu 2020-05-07 02:04:18.500 CEST,15026037,13,1
Thu 2020-05-07 02:04:18.750 CEST,15041419,13,1
Thu 2020-05-07 02:04:19.0 CEST,15057181,13,1
Thu 2020-05-07 02:04:19.250 CEST,15070995,13,1
Thu 2020-05-07 02:04:19.500 CEST,15086634,13,1
Thu 2020-05-07 02:04:19.750 CEST,15102687,13,1
Thu 2020-05-07 02:04:20.0 CEST,15117166,13,1
Thu 2020-05-07 02:04:20.250 CEST,15132485,13,1
Thu 2020-05-07 02:04:20.500 CEST,15147335,13,1
Thu 2020-05-07 02:04:20.750 CEST,15163320,13,1
Thu 2020-05-07 02:04:21.0 CEST,15178084,13,1
Thu 2020-05-07 02:04:21.250 CEST,15193275,13,1
Thu 2020-05-07 02:04:21.500 CEST,15208596,13,1
Thu 2020-05-07 02:04:21.750 CEST,15224855,13,1
Thu 2020-05-07 02:04:22.0 CEST,15240901,13,1
Thu 2020-05-07 02:04:22.250 CEST,15256181,13,1
Thu 2020-05-07 02:04:22.500 CEST,15272570,13,1
Thu 2020-05-07 02:04:22.750 CEST,15288727,13,1
Thu 2020-05-07 02:04:23.0 CEST,15303282,13,1
Thu 2020-05-07 02:04:23.250 CEST,15319449,13,1
Thu 2020-05-07 02:04:23.500 CEST,15335697,13,1
Thu 2020-05-07 02:04:23.750 CEST,15351868,13,1
Thu 2020-05-07 02:04:24.0 CEST,15366472,13,1
Thu 2020-05-07 02:04:24.250 CEST,15382498,13,1
Thu 2020-05-07 02:04:24.500 CEST,15397090,13,1
Thu 2020-05-07 02:04:24.750 CEST,15411513,13,1
Thu 2020-05-07 02:04:25.0 CEST,15426382,13,1
Thu 2020-05-07 02:04:25.250 CEST,15441610,13,1
Thu 2020-05-07 02:04:25.500 CEST,15457649,13,1
Thu 2020-05-07 02:04:25.750 CEST,15473752,13,1
Thu 2020-05-07 02:04:26.0 CEST,15489503,13,1
Thu 2020-05-07 02:04:26.250 CEST,15505003,13,1
Thu 2020-05-07 02:04:26.500 CEST,15520092,13,1
Thu 2020-05-07 02:04:26.750 CEST,15535620,13,1
Thu 2020-05-07 02:04:27.0 CEST,15550889,13,1
Thu 2020-05-07 02:04:27.250 CEST,15565583,13,1
Thu 2020-05-07 02:04:27.500 CEST,15581107,13,1
Thu 2020-05-07 02:04:27.750 CEST,15597174,13,1
Thu 2020-05-07 02:04:28.0 CEST,15613482,13,1
Thu 2020-05-07 02:04:28.250 CEST,15629689,13,1
Thu 2020-05-07 02:04:28.500 CEST,15645149,13,1
Thu 2020-05-07 02:04:28.750 CEST,15660040,13,1
Thu 2020-05-07 02:04:29.0 CEST,15675233,13,1
Thu 2020-05-07 02:04:29.250 CEST,15691750,13,1
Thu 2020-05-07 02:04:29.500 CEST,15706646,13,1
Thu 2020-05-07 02:04:29.750 CEST,15723572,13,1
Thu 2020-05-07 02:04:30.0 CEST,15739066,13,1
Thu 2020-05-07 02:04:30.250 CEST,15755988,13,1
Thu 2020-05-07 02:04:30.500 CEST,15772720,13,1
Thu 2020-05-07 02:04:30.750 CEST,15788357,13,1
Thu 2020-05-07 02:04:31.0 CEST,15804609,13,1
Thu 2020-05-07 02:04:31.250 CEST,15821163,13,1
Thu 2020-05-07 02:04:31.500 CEST,15836084,13,1
Thu 2020-05-07 02:04:31.750 CEST,15852430,13,1
Thu 2020-05-07 02:04:32.0 CEST,15868509,13,1
Thu 2020-05-07 02:04:32.250 CEST,15883899,13,1
Thu 2020-05-07 02:04:32.500 CEST,15900083,13,1
Thu 2020-05-07 02:04:32.750 CEST,15916421,13,1
Thu 2020-05-07 02:04:33.0 CEST,15932405,13,1
Thu 2020-05-07 02:04:33.250 CEST,15948003,13,1
Thu 2020-05-07 02:04:33.500 CEST,15963796,13,1
Thu 2020-05-07 02:04:33.750 CEST,15981257,13,1
Thu 2020-05-07 02:04:34.0 CEST,15998058,13,1
Thu 2020-05-07 02:04:34.250 CEST,16014181,13,1
Thu 2020-05-07 02:04:34.500 CEST,16030422,13,1
Thu 2020-05-07 02:04:34.750 CEST,16047683,13,1
Thu 2020-05-07 02:04:35.0 CEST,16064101,13,1
Thu 2020-05-07 02:04:35.250 CEST,16081007,13,1
Thu 2020-05-07 02:04:35.500 CEST,16097050,13,1
Thu 2020-05-07 02:04:35.750 CEST,16112466,13,1
Thu 2020-05-07 02:04:36.0 CEST,16128680,13,1
Thu 2020-05-07 02:04:36.250 CEST,16145661,13,1
Thu 2020-05-07 02:04:36.500 CEST,16163386,13,1
Thu 2020-05-07 02:04:36.750 CEST,16179785,13,1
Thu 2020-05-07 02:04:37.0 CEST,16196283,13,1
Thu 2020-05-07 02:04:37.250 CEST,16213844,13,1
Thu 2020-05-07 02:04:37.500 CEST,16230120,13,1
Thu 2020-05-07 02:04:37.750 CEST,16247003,13,1
Thu 2020-05-07 02:04:38.0 CEST,16263951,13,1
Thu 2020-05-07 02:04:38.250 CEST,16281799,13,1
Thu 2020-05-07 02:04:38.500 CEST,16299571,13,1
Thu 2020-05-07 02:04:38.750 CEST,16315597,13,1
Thu 2020-05-07 02:04:39.0 CEST,16332798,13,1
Thu 2020-05-07 02:04:39.250 CEST,16350666,13,1
Thu 2020-05-07 02:04:39.500 CEST,16368187,13,1
Thu 2020-05-07 02:04:39.750 CEST,16386155,13,1
Thu 2020-05-07 02:04:40.0 CEST,16404076,13,1
Thu 2020-05-07 02:04:40.250 CEST,16420454,13,1
Thu 2020-05-07 02:04:40.500 CEST,16437408,13,1
Thu 2020-05-07 02:04:40.750 CEST,16453935,13,1
Thu 2020-05-07 02:04:41.0 CEST,16470472,13,1
Thu 2020-05-07 02:04:41.250 CEST,16487754,13,1
Thu 2020-05-07 02:04:41.500 CEST,16504287,13,1
Thu 2020-05-07 02:04:41.750 CEST,16522110,13,1
Thu 2020-05-07 02:04:42.0 CEST,16540410,13,1
Thu 2020-05-07 02:04:42.250 CEST,16557618,13,1
Thu 2020-05-07 02:04:42.500 CEST,16575145,13,1
Thu 2020-05-07 02:04:42.750 CEST,16591844,13,1
Thu 2020-05-07 02:04:43.0 CEST,16610315,13,1
Thu 2020-05-07 02:04:43.250 CEST,16628652,13,1
Thu 2020-05-07 02:04:43.500 CEST,16645510,13,1
Thu 2020-05-07 02:04:43.750 CEST,16662510,13,1
Thu 2020-05-07 02:04:44.0 CEST,16680117,13,1
Thu 2020-05-07 02:04:44.250 CEST,16696528,13,1
Thu 2020-05-07 02:04:44.500 CEST,16714566,13,1
Thu 2020-05-07 02:04:44.750 CEST,16732849,13,1
Thu 2020-05-07 02:04:45.0 CEST,16751409,13,1
Thu 2020-05-07 02:04:45.250 CEST,16769848,13,1
Thu 2020-05-07 02:04:45.500 CEST,16787149,13,1
Thu 2020-05-07 02:04:45.750 CEST,16804765,13,1
Thu 2020-05-07 02:04:46.0 CEST,16823135,13,1
Thu 2020-05-07 02:04:46.250 CEST,16839828,13,1
Thu 2020-05-07 02:04:46.500 CEST,16857466,13,1
Thu 2020-05-07 02:04:46.750 CEST,16874606,13,1
Thu 2020-05-07 02:04:47.0 CEST,16891147,13,1
Thu 2020-05-07 02:04:47.250 CEST,16907824,13,1
Thu 2020-05-07 02:04:47.500 CEST,16924858,13,1
Thu 2020-05-07 02:04:47.750 CEST,16943186,13,1
Thu 2020-05-07 02:04:48.0 CEST,16960081,13,1
Thu 2020-05-07 02:04:48.250 CEST,16977883,13,1
Thu 2020-05-07 02:04:48.500 CEST,16994561,13,1
Thu 2020-05-07 02:04:48.750 CEST,17012191,13,1
Thu 2020-05-07 02:04:49.0 CEST,17031012,13,1
Thu 2020-05-07 02:04:49.250 CEST,17047935,13,1
Thu 2020-05-07 02:04:49.500 CEST,17065107,13,1
Thu 2020-05-07 02:04:49.750 CEST,17083920,13,1
Thu 2020-05-07 02:04:50.0 CEST,17101682,13,1
Thu 2020-05-07 02:04:50.250 CEST,17120423,13,1
Thu 2020-05-07 02:04:50.500 CEST,17139516,13,1
Thu 2020-05-07 02:04:50.750 CEST,17157338,13,1
Thu 2020-05-07 02:04:51.0 CEST,17175542,13,1
Thu 2020-05-07 02:04:51.250 CEST,17193029,13,1
Thu 2020-05-07 02:04:51.500 CEST,17211761,13,1
Thu 2020-05-07 02:04:51.750 CEST,17229056,13,1
Thu 2020-05-07 02:04:52.0 CEST,17246375,13,1
Thu 2020-05-07 02:04:52.250 CEST,17264139,13,1
Thu 2020-05-07 02:04:52.500 CEST,17283086,13,1
Thu 2020-05-07 02:04:52.750 CEST,17300342,13,1
Thu 2020-05-07 02:04:53.0 CEST,17317896,13,1
Thu 2020-05-07 02:04:53.250 CEST,17335468,13,1
Thu 2020-05-07 02:04:53.500 CEST,17354040,13,1
Thu 2020-05-07 02:04:53.750 CEST,17373200,13,1
Thu 2020-05-07 02:04:54.0 CEST,17390676,13,1
Thu 2020-05-07 02:04:54.250 CEST,17410070,13,1
Thu 2020-05-07 02:04:54.500 CEST,17427562,13,1
Thu 2020-05-07 02:04:54.750 CEST,17445146,13,1
Thu 2020-05-07 02:04:55.0 CEST,17464756,13,1
Thu 2020-05-07 02:04:55.250 CEST,17482796,13,1
Thu 2020-05-07 02:04:55.500 CEST,17501759,13,1
Thu 2020-05-07 02:04:55.750 CEST,17519323,13,1
Thu 2020-05-07 02:04:56.0 CEST,17538163,13,1
Thu 2020-05-07 02:04:56.250 CEST,17557212,13,1
Thu 2020-05-07 02:04:56.500 CEST,17575787,13,1
Thu 2020-05-07 02:04:56.750 CEST,17594402,13,1
Thu 2020-05-07 02:04:57.0 CEST,17613700,13,1
Thu 2020-05-07 02:04:57.250 CEST,17632311,13,1
Thu 2020-05-07 02:04:57.500 CEST,17650175,13,1
Thu 2020-05-07 02:04:57.750 CEST,17668080,13,1
Thu 2020-05-07 02:04:58.0 CEST,17686251,13,1
Thu 2020-05-07 02:04:58.250 CEST,17703999,13,1
Thu 2020-05-07 02:04:58.500 CEST,17722456,13,1
Thu 2020-05-07 02:04:58.750 CEST,17741969,13,1
Thu 2020-05-07 02:04:59.0 CEST,17759880,13,1
Thu 2020-05-07 02:04:59.250 CEST,17777754,13,1
Thu 2020-05-07 02:04:59.500 CEST,17797184,13,1
Thu 2020-05-07 02:04:59.750 CEST,17815446,13,1
Thu 2020-05-07 02:05:00.0 CEST,17833651,13,1
Thu 2020-05-07 02:05:00.250 CEST,17852604,13,1
Thu 2020-05-07 02:05:00.500 CEST,17871072,13,1
Thu 2020-05-07 02:05:00.750 CEST,17889319,13,1
Thu 2020-05-07 02:05:01.0 CEST,17908305,13,1
Thu 2020-05-07 02:05:01.250 CEST,17927778,13,1
Thu 2020-05-07 02:05:01.500 CEST,17948028,13,1
Thu 2020-05-07 02:05:01.750 CEST,17967306,13,1
Thu 2020-05-07 02:05:02.0 CEST,17986560,13,1
Thu 2020-05-07 02:05:02.250 CEST,18006627,13,2
Thu 2020-05-07 02:05:02.500 CEST,18025786,13,2
Thu 2020-05-07 02:05:02.750 CEST,18044520,13,2
Thu 2020-05-07 02:05:03.0 CEST,18064871,13,2
Thu 2020-05-07 02:05:03.250 CEST,18083244,13,2
Thu 2020-05-07 02:05:03.500 CEST,18102168,13,2
Thu 2020-05-07 02:05:03.750 CEST,18121556,13,2
Thu 2020-05-07 02:05:04.0 CEST,18141112,13,2
Thu 2020-05-07 02:05:04.250 CEST,18160718,13,2
Thu 2020-05-07 02:05:04.500 CEST,18181236,13,2
Thu 2020-05-07 02:05:04.750 CEST,18199741,13,2
Thu 2020-05-07 02:05:05.0 CEST,18220419,13,2
Thu 2020-05-07 02:05:05.250 CEST,18240799,13,2
Thu 2020-05-07 02:05:05.500 CEST,18261581,13,2
Thu 2020-05-07 02:05:05.750 CEST,18282372,13,2
Thu 2020-05-07 02:05:06.0 CEST,18302851,13,2
Thu 2020-05-07 02:05:06.250 CEST,18322012,13,2
Thu 2020-05-07 02:05:06.500 CEST,18341775,13,2
Thu 2020-05-07 02:05:06.750 CEST,18361999,13,2
Thu 2020-05-07 02:05:07.0 CEST,18380839,13,2
Thu 2020-05-07 02:05:07.250 CEST,18399846,13,2
Thu 2020-05-07 02:05:07.500 CEST,18420517,13,2
Thu 2020-05-07 02:05:07.750 CEST,18439721,13,2
Thu 2020-05-07 02:05:08.0 CEST,18459376,13,2
Thu 2020-05-07 02:05:08.250 CEST,18480182,13,2
Thu 2020-05-07 02:05:08.500 CEST,18499273,13,2
Thu 2020-05-07 02:05:08.750 CEST,18519526,13,2
Thu 2020-05-07 02:05:09.0 CEST,18538989,13,2
Thu 2020-05-07 02:05:09.250 CEST,18559887,13,2
Thu 2020-05-07 02:05:09.500 CEST,18580946,13,2
Thu 2020-05-07 02:05:09.750 CEST,18601164,13,2
Thu 2020-05-07 02:05:10.0 CEST,18621637,13,2
Thu 2020-05-07 02:05:10.250 CEST,18641335,13,2
Thu 2020-05-07 02:05:10.500 CEST,18662141,13,2
Thu 2020-05-07 02:05:10.750 CEST,18682389,13,2
Thu 2020-05-07 02:05:11.0 CEST,18701823,13,2
Thu 2020-05-07 02:05:11.250 CEST,18722886,13,2
Thu 2020-05-07 02:05:11.500 CEST,18743829,13,2
Thu 2020-05-07 02:05:11.750 CEST,18764533,13,2
Thu 2020-05-07 02:05:12.0 CEST,18784487,13,2
Thu 2020-05-07 02:05:12.250 CEST,18804769,13,2
Thu 2020-05-07 02:05:12.500 CEST,18825172,13,2
Thu 2020-05-07 02:05:12.750 CEST,18844569,13,2
Thu 2020-05-07 02:05:13.0 CEST,18864404,13,2
Thu 2020-05-07 02:05:13.250 CEST,18884734,13,2
Thu 2020-05-07 02:05:13.500 CEST,18906440,13,2
Thu 2020-05-07 02:05:13.750 CEST,18927809,13,2
Thu 2020-05-07 02:05:14.0 CEST,18948763,13,2
Thu 2020-05-07 02:05:14.250 CEST,18969267,13,2
Thu 2020-05-07 02:05:14.500 CEST,18989864,13,2
Thu 2020-05-07 02:05:14.750 CEST,19011036,13,2
Thu 2020-05-07 02:05:15.0 CEST,19031460,13,2
Thu 2020-05-07 02:05:15.250 CEST,19051213,13,2
Thu 2020-05-07 02:05:15.500 CEST,19072447,13,2
Thu 2020-05-07 02:05:15.750 CEST,19093355,13,2
Thu 2020-05-07 02:05:16.0 CEST,19114715,13,2
Thu 2020-05-07 02:05:16.250 CEST,19136249,13,2
Thu 2020-05-07 02:05:16.500 CEST,19156190,13,2
Thu 2020-05-07 02:05:16.750 CEST,19177729,13,2
Thu 2020-05-07 02:05:17.0 CEST,19198883,13,2
Thu 2020-05-07 02:05:17.250 CEST,19220978,13,2
Thu 2020-05-07 02:05:17.500 CEST,19241401,13,2
Thu 2020-05-07 02:05:17.750 CEST,19263631,13,2
Thu 2020-05-07 02:05:18.0 CEST,19285999,13,2
Thu 2020-05-07 02:05:18.250 CEST,19307774,13,2
Thu 2020-05-07 02:05:18.500 CEST,19328368,13,2
Thu 2020-05-07 02:05:18.750 CEST,19350658,13,2
Thu 2020-05-07 02:05:19.0 CEST,19371991,13,2
Thu 2020-05-07 02:05:19.250 CEST,19394396,13,2
Thu 2020-05-07 02:05:19.500 CEST,19415392,13,2
Thu 2020-05-07 02:05:19.750 CEST,19437055,13,2
Thu 2020-05-07 02:05:20.0 CEST,19458123,13,2
Thu 2020-05-07 02:05:20.250 CEST,19480275,13,2
Thu 2020-05-07 02:05:20.500 CEST,19502060,13,2
Thu 2020-05-07 02:05:20.750 CEST,19523659,13,2
Thu 2020-05-07 02:05:21.0 CEST,19544408,13,2
Thu 2020-05-07 02:05:21.250 CEST,19566138,13,2
Thu 2020-05-07 02:05:21.500 CEST,19587315,13,2
Thu 2020-05-07 02:05:21.750 CEST,19609165,13,2
Thu 2020-05-07 02:05:22.0 CEST,19631515,13,2
Thu 2020-05-07 02:05:22.250 CEST,19653813,13,2
Thu 2020-05-07 02:05:22.500 CEST,19674493,13,2
Thu 2020-05-07 02:05:22.750 CEST,19695332,13,2
Thu 2020-05-07 02:05:23.0 CEST,19717385,13,2
Thu 2020-05-07 02:05:23.250 CEST,19739707,13,2
Thu 2020-05-07 02:05:23.500 CEST,19761834,13,2
Thu 2020-05-07 02:05:23.750 CEST,19783197,13,2
Thu 2020-05-07 02:05:24.0 CEST,19804538,13,2
Thu 2020-05-07 02:05:24.250 CEST,19826899,13,2
Thu 2020-05-07 02:05:24.500 CEST,19847664,13,2
Thu 2020-05-07 02:05:24.750 CEST,19869958,13,2
Thu 2020-05-07 02:05:25.0 CEST,19891783,13,2
Thu 2020-05-07 02:05:25.250 CEST,19912713,13,2
Thu 2020-05-07 02:05:25.500 CEST,19934984,13,2
Thu 2020-05-07 02:05:25.750 CEST,19956459,13,2
Thu 2020-05-07 02:05:26.0 CEST,19979254,13,2
Thu 2020-05-07 02:05:26.250 CEST,20001745,13,2
Thu 2020-05-07 02:05:26.500 CEST,20023142,13,2
Thu 2020-05-07 02:05:26.750 CEST,20044437,13,2
Thu 2020-05-07 02:05:27.0 CEST,20066905,13,2
Thu 2020-05-07 02:05:27.250 CEST,20089242,13,2
Thu 2020-05-07 02:05:27.500 CEST,20112115,13,2
Thu 2020-05-07 02:05:27.750 CEST,20135538,13,2
Thu 2020-05-07 02:05:28.0 CEST,20157485,13,2
Thu 2020-05-07 02:05:28.250 CEST,20179571,13,2
Thu 2020-05-07 02:05:28.500 CEST,20201992,13,2
Thu 2020-05-07 02:05:28.750 CEST,20224022,13,2
Thu 2020-05-07 02:05:29.0 CEST,20247142,13,2
Thu 2020-05-07 02:05:29.250 CEST,20270015,13,2
Thu 2020-05-07 02:05:29.500 CEST,20293576,13,2
Thu 2020-05-07 02:05:29.750 CEST,20316297,13,2
Thu 2020-05-07 02:05:30.0 CEST,20338691,13,2
Thu 2020-05-07 02:05:30.250 CEST,20360124,13,2
Thu 2020-05-07 02:05:30.500 CEST,20383248,13,2
Thu 2020-05-07 02:05:30.750 CEST,20406793,13,2
Thu 2020-05-07 02:05:31.0 CEST,20429617,13,2
Thu 2020-05-07 02:05:31.250 CEST,20451942,13,2
Thu 2020-05-07 02:05:31.500 CEST,20475860,13,2
Thu 2020-05-07 02:05:31.750 CEST,20499006,13,2
Thu 2020-05-07 02:05:32.0 CEST,20522644,13,2
Thu 2020-05-07 02:05:32.250 CEST,20546686,13,2
Thu 2020-05-07 02:05:32.500 CEST,20569053,13,2
Thu 2020-05-07 02:05:32.750 CEST,20590977,13,2
Thu 2020-05-07 02:05:33.0 CEST,20614782,13,2
Thu 2020-05-07 02:05:33.250 CEST,20638223,13,2
Thu 2020-05-07 02:05:33.500 CEST,20660832,13,2
Thu 2020-05-07 02:05:33.750 CEST,20684211,13,2
Thu 2020-05-07 02:05:34.0 CEST,20706892,13,2
Thu 2020-05-07 02:05:34.250 CEST,20730019,13,2
Thu 2020-05-07 02:05:34.500 CEST,20753347,13,2
Thu 2020-05-07 02:05:34.750 CEST,20777558,13,2
Thu 2020-05-07 02:05:35.0 CEST,20801617,13,2
Thu 2020-05-07 02:05:35.250 CEST,20824419,13,2
Thu 2020-05-07 02:05:35.500 CEST,20848188,13,2
Thu 2020-05-07 02:05:35.750 CEST,20870734,13,2
Thu 2020-05-07 02:05:36.0 CEST,20894098,13,2
Thu 2020-05-07 02:05:36.250 CEST,20916768,13,2
Thu 2020-05-07 02:05:36.500 CEST,20939761,13,2
Thu 2020-05-07 02:05:36.750 CEST,20962666,13,2
Thu 2020-05-07 02:05:37.0 CEST,20987002,13,2
Thu 2020-05-07 02:05:37.250 CEST,21009917,13,2
Thu 2020-05-07 02:05:37.500 CEST,21034274,13,2
Thu 2020-05-07 02:05:37.750 CEST,21056869,13,2
Thu 2020-05-07 02:05:38.0 CEST,21079454,13,2
Thu 2020-05-07 02:05:38.250 CEST,21102740,13,2
Thu 2020-05-07 02:05:38.500 CEST,21127056,13,2
Thu 2020-05-07 02:05:38.750 CEST,21150611,13,2
Thu 2020-05-07 02:05:39.0 CEST,21174339,13,2
Thu 2020-05-07 02:05:39.250 CEST,21198696,13,2
Thu 2020-05-07 02:05:39.500 CEST,21221488,13,2
Thu 2020-05-07 02:05:39.750 CEST,21244914,13,2
Thu 2020-05-07 02:05:40.0 CEST,21269343,13,2
Thu 2020-05-07 02:05:40.250 CEST,21292468,13,2
Thu 2020-05-07 02:05:40.500 CEST,21315754,13,2
Thu 2020-05-07 02:05:40.750 CEST,21339492,13,2
Thu 2020-05-07 02:05:41.0 CEST,21364369,13,2
Thu 2020-05-07 02:05:41.250 CEST,21388109,13,2
Thu 2020-05-07 02:05:41.500 CEST,21413040,13,2
Thu 2020-05-07 02:05:41.750 CEST,21435982,13,2
Thu 2020-05-07 02:05:42.0 CEST,21461038,13,2
Thu 2020-05-07 02:05:42.250 CEST,21485055,13,2
Thu 2020-05-07 02:05:42.500 CEST,21509901,13,2
Thu 2020-05-07 02:05:42.750 CEST,21534278,13,2
Thu 2020-05-07 02:05:43.0 CEST,21559165,13,2
Thu 2020-05-07 02:05:43.250 CEST,21583416,13,2
Thu 2020-05-07 02:05:43.500 CEST,21607910,13,2
Thu 2020-05-07 02:05:43.750 CEST,21631300,13,2
Thu 2020-05-07 02:05:44.0 CEST,21655732,13,2
Thu 2020-05-07 02:05:44.250 CEST,21681135,13,2
Thu 2020-05-07 02:05:44.500 CEST,21705315,13,2
Thu 2020-05-07 02:05:44.750 CEST,21729101,13,2
Thu 2020-05-07 02:05:45.0 CEST,21752406,13,2
Thu 2020-05-07 02:05:45.250 CEST,21776335,13,2
Thu 2020-05-07 02:05:45.500 CEST,21800479,13,2
Thu 2020-05-07 02:05:45.750 CEST,21826066,13,2
Thu 2020-05-07 02:05:46.0 CEST,21850983,13,2
Thu 2020-05-07 02:05:46.250 CEST,21874713,13,2
Thu 2020-05-07 02:05:46.500 CEST,21899094,13,2
Thu 2020-05-07 02:05:46.750 CEST,21922949,13,2
Thu 2020-05-07 02:05:47.0 CEST,21948178,13,2
Thu 2020-05-07 02:05:47.250 CEST,21972899,13,2
Thu 2020-05-07 02:05:47.500 CEST,21997261,13,2
Thu 2020-05-07 02:05:47.750 CEST,22022004,13,2
Thu 2020-05-07 02:05:48.0 CEST,22046870,13,2
Thu 2020-05-07 02:05:48.250 CEST,22071507,13,2
Thu 2020-05-07 02:05:48.500 CEST,22096946,13,2
Thu 2020-05-07 02:05:48.750 CEST,22121215,13,2
Thu 2020-05-07 02:05:49.0 CEST,22146924,13,2
Thu 2020-05-07 02:05:49.250 CEST,22172194,13,2
Thu 2020-05-07 02:05:49.500 CEST,22196675,13,2
Thu 2020-05-07 02:05:49.750 CEST,22221843,13,2
Thu 2020-05-07 02:05:50.0 CEST,22245937,13,2
Thu 2020-05-07 02:05:50.250 CEST,22272005,13,2
Thu 2020-05-07 02:05:50.500 CEST,22296295,13,2
Thu 2020-05-07 02:05:50.750 CEST,22321955,13,2
Thu 2020-05-07 02:05:51.0 CEST,22346957,13,2
Thu 2020-05-07 02:05:51.250 CEST,22372794,13,2
Thu 2020-05-07 02:05:51.500 CEST,22398868,13,2
Thu 2020-05-07 02:05:51.750 CEST,22425294,13,2
Thu 2020-05-07 02:05:52.0 CEST,22450657,13,2
Thu 2020-05-07 02:05:52.250 CEST,22475002,13,2
Thu 2020-05-07 02:05:52.500 CEST,22499274,13,2
Thu 2020-05-07 02:05:52.750 CEST,22524373,13,2
Thu 2020-05-07 02:05:53.0 CEST,22549048,13,2
Thu 2020-05-07 02:05:53.250 CEST,22574268,13,2
Thu 2020-05-07 02:05:53.500 CEST,22599326,13,2
Thu 2020-05-07 02:05:53.750 CEST,22625224,13,2
Thu 2020-05-07 02:05:54.0 CEST,22650449,13,2
Thu 2020-05-07 02:05:54.250 CEST,22676567,13,2
Thu 2020-05-07 02:05:54.500 CEST,22702531,13,2
Thu 2020-05-07 02:05:54.750 CEST,22727200,13,2
Thu 2020-05-07 02:05:55.0 CEST,22751788,13,2
Thu 2020-05-07 02:05:55.250 CEST,22778668,13,2
Thu 2020-05-07 02:05:55.500 CEST,22804167,13,2
Thu 2020-05-07 02:05:55.750 CEST,22830111,13,2
Thu 2020-05-07 02:05:56.0 CEST,22855250,13,2
Thu 2020-05-07 02:05:56.250 CEST,22880214,13,2
Thu 2020-05-07 02:05:56.500 CEST,22906823,13,2
Thu 2020-05-07 02:05:56.750 CEST,22931635,13,2
Thu 2020-05-07 02:05:57.0 CEST,22957767,13,2
Thu 2020-05-07 02:05:57.250 CEST,22984723,13,2
Thu 2020-05-07 02:05:57.500 CEST,23010536,13,2
Thu 2020-05-07 02:05:57.750 CEST,23037000,13,2
Thu 2020-05-07 02:05:58.0 CEST,23063830,13,2
Thu 2020-05-07 02:05:58.250 CEST,23090108,13,2
Thu 2020-05-07 02:05:58.500 CEST,23115539,13,2
Thu 2020-05-07 02:05:58.750 CEST,23140647,13,2
Thu 2020-05-07 02:05:59.0 CEST,23166006,13,2
Thu 2020-05-07 02:05:59.250 CEST,23191159,13,2
Thu 2020-05-07 02:05:59.500 CEST,23218273,13,2
Thu 2020-05-07 02:05:59.750 CEST,23244544,13,2
Thu 2020-05-07 02:06:00.0 CEST,23271961,13,2
Thu 2020-05-07 02:06:00.250 CEST,23299269,13,2
Thu 2020-05-07 02:06:00.500 CEST,23326529,13,2
Thu 2020-05-07 02:06:00.750 CEST,23352077,13,2
Thu 2020-05-07 02:06:01.0 CEST,23377594,13,2
Thu 2020-05-07 02:06:01.250 CEST,23403304,13,2
Thu 2020-05-07 02:06:01.500 CEST,23430512,13,2
Thu 2020-05-07 02:06:01.750 CEST,23456548,13,2
Thu 2020-05-07 02:06:02.0 CEST,23483638,13,2
Thu 2020-05-07 02:06:02.250 CEST,23510076,13,2
Thu 2020-05-07 02:06:02.500 CEST,23536415,13,2
Thu 2020-05-07 02:06:02.750 CEST,23563259,13,2
Thu 2020-05-07 02:06:03.0 CEST,23589310,13,2
Thu 2020-05-07 02:06:03.250 CEST,23616250,13,2
Thu 2020-05-07 02:06:03.500 CEST,23644109,13,2
Thu 2020-05-07 02:06:03.750 CEST,23670773,13,2
Thu 2020-05-07 02:06:04.0 CEST,23697684,13,2
Thu 2020-05-07 02:06:04.250 CEST,23725162,13,2
Thu 2020-05-07 02:06:04.500 CEST,23751579,13,2
Thu 2020-05-07 02:06:04.750 CEST,23777566,13,2
Thu 2020-05-07 02:06:05.0 CEST,23804477,13,2
Thu 2020-05-07 02:06:05.250 CEST,23831990,13,2
Thu 2020-05-07 02:06:05.500 CEST,23859255,13,2
Thu 2020-05-07 02:06:05.750 CEST,23885376,13,2
Thu 2020-05-07 02:06:06.0 CEST,23911515,13,2
Thu 2020-05-07 02:06:06.250 CEST,23939365,13,2
Thu 2020-05-07 02:06:06.500 CEST,23965714,13,2
Thu 2020-05-07 02:06:06.750 CEST,23991864,13,2
Thu 2020-05-07 02:06:07.0 CEST,24019486,13,2
Thu 2020-05-07 02:06:07.250 CEST,24047537,13,2
Thu 2020-05-07 02:06:07.500 CEST,24074949,13,2
Thu 2020-05-07 02:06:07.750 CEST,24102545,13,2
Thu 2020-05-07 02:06:08.0 CEST,24130429,13,2
Thu 2020-05-07 02:06:08.250 CEST,24157593,13,2
Thu 2020-05-07 02:06:08.500 CEST,24185598,13,2
Thu 2020-05-07 02:06:08.750 CEST,24213827,13,2
Thu 2020-05-07 02:06:09.0 CEST,24241061,13,2
Thu 2020-05-07 02:06:09.250 CEST,24268202,13,2
Thu 2020-05-07 02:06:09.500 CEST,24296763,13,2
Thu 2020-05-07 02:06:09.750 CEST,24323386,13,2
Thu 2020-05-07 02:06:10.0 CEST,24351630,13,2
Thu 2020-05-07 02:06:10.250 CEST,24378326,13,2
Thu 2020-05-07 02:06:10.500 CEST,24406394,13,2
Thu 2020-05-07 02:06:10.750 CEST,24434821,13,2
Thu 2020-05-07 02:06:11.0 CEST,24462993,13,2
Thu 2020-05-07 02:06:11.250 CEST,24491022,13,2
Thu 2020-05-07 02:06:11.500 CEST,24518182,13,2
Thu 2020-05-07 02:06:11.750 CEST,24547267,13,2
Thu 2020-05-07 02:06:12.0 CEST,24574342,13,2
Thu 2020-05-07 02:06:12.250 CEST,24601855,13,2
Thu 2020-05-07 02:06:12.500 CEST,24630831,13,2
Thu 2020-05-07 02:06:12.750 CEST,24658687,13,2
Thu 2020-05-07 02:06:13.0 CEST,24685586,13,2
Thu 2020-05-07 02:06:13.250 CEST,24713666,13,2
Thu 2020-05-07 02:06:13.500 CEST,24741851,13,2
Thu 2020-05-07 02:06:13.750 CEST,24771029,13,2
Thu 2020-05-07 02:06:14.0 CEST,24798700,13,2
Thu 2020-05-07 02:06:14.250 CEST,24826908,13,2
Thu 2020-05-07 02:06:14.500 CEST,24856312,13,2
Thu 2020-05-07 02:06:14.750 CEST,24885213,13,2
Thu 2020-05-07 02:06:15.0 CEST,24913080,13,2
Thu 2020-05-07 02:06:15.250 CEST,24941473,13,2
Thu 2020-05-07 02:06:15.500 CEST,24969077,13,2
Thu 2020-05-07 02:06:15.750 CEST,24996338,13,2
Thu 2020-05-07 02:06:16.0 CEST,25025337,13,2
Thu 2020-05-07 02:06:16.250 CEST,25054792,13,2
Thu 2020-05-07 02:06:16.500 CEST,25083659,13,2
Thu 2020-05-07 02:06:16.750 CEST,25111272,13,2
Thu 2020-05-07 02:06:17.0 CEST,25138776,13,2
Thu 2020-05-07 02:06:17.250 CEST,25167515,13,2
Thu 2020-05-07 02:06:17.500 CEST,25195430,13,2
Thu 2020-05-07 02:06:17.750 CEST,25224825,13,2
Thu 2020-05-07 02:06:18.0 CEST,25253874,13,2
Thu 2020-05-07 02:06:18.250 CEST,25283001,13,2
Thu 2020-05-07 02:06:18.500 CEST,25311969,13,2
Thu 2020-05-07 02:06:18.750 CEST,25339867,13,2
Thu 2020-05-07 02:06:19.0 CEST,25368103,13,2
Thu 2020-05-07 02:06:19.250 CEST,25397242,13,2
Thu 2020-05-07 02:06:19.500 CEST,25425238,13,2
Thu 2020-05-07 02:06:19.750 CEST,25453493,13,2
Thu 2020-05-07 02:06:20.0 CEST,25483056,13,2
Thu 2020-05-07 02:06:20.250 CEST,25510940,13,2
Thu 2020-05-07 02:06:20.500 CEST,25540331,13,2
Thu 2020-05-07 02:06:20.750 CEST,25569604,13,2
Thu 2020-05-07 02:06:21.0 CEST,25598345,13,2
Thu 2020-05-07 02:06:21.250 CEST,25626699,13,2
Thu 2020-05-07 02:06:21.500 CEST,25655895,13,2
Thu 2020-05-07 02:06:21.750 CEST,25684985,13,2
Thu 2020-05-07 02:06:22.0 CEST,25714626,13,2
Thu 2020-05-07 02:06:22.250 CEST,25743871,13,2
Thu 2020-05-07 02:06:22.500 CEST,25772472,13,2
Thu 2020-05-07 02:06:22.750 CEST,25802522,13,2
Thu 2020-05-07 02:06:23.0 CEST,25832669,13,2
Thu 2020-05-07 02:06:23.250 CEST,25861785,13,2
Thu 2020-05-07 02:06:23.500 CEST,25891974,13,2
Thu 2020-05-07 02:06:23.750 CEST,25921564,13,2
Thu 2020-05-07 02:06:24.0 CEST,25950108,13,2
Thu 2020-05-07 02:06:24.250 CEST,25979105,13,2
Thu 2020-05-07 02:06:24.500 CEST,26008614,13,2
Thu 2020-05-07 02:06:24.750 CEST,26039336,13,2
Thu 2020-05-07 02:06:25.0 CEST,26069311,13,2
Thu 2020-05-07 02:06:25.250 CEST,26099376,13,2
Thu 2020-05-07 02:06:25.500 CEST,26129700,13,2
Thu 2020-05-07 02:06:25.750 CEST,26158897,13,2
Thu 2020-05-07 02:06:26.0 CEST,26188228,13,2
Thu 2020-05-07 02:06:26.250 CEST,26217188,13,2
Thu 2020-05-07 02:06:26.500 CEST,26246319,13,2
Thu 2020-05-07 02:06:26.750 CEST,26275888,13,2
Thu 2020-05-07 02:06:27.0 CEST,26305955,13,2
Thu 2020-05-07 02:06:27.250 CEST,26335016,13,2
Thu 2020-05-07 02:06:27.500 CEST,26364739,13,2
Thu 2020-05-07 02:06:27.750 CEST,26394271,13,2
Thu 2020-05-07 02:06:28.0 CEST,26425449,13,2
Thu 2020-05-07 02:06:28.250 CEST,26454396,13,2
Thu 2020-05-07 02:06:28.500 CEST,26484965,13,2
Thu 2020-05-07 02:06:28.750 CEST,26514650,13,2
Thu 2020-05-07 02:06:29.0 CEST,26546050,13,2
Thu 2020-05-07 02:06:29.250 CEST,26575513,13,2
Thu 2020-05-07 02:06:29.500 CEST,26606351,13,2
Thu 2020-05-07 02:06:29.750 CEST,26636584,13,2
Thu 2020-05-07 02:06:30.0 CEST,26666851,13,2
Thu 2020-05-07 02:06:30.250 CEST,26697816,13,2
Thu 2020-05-07 02:06:30.500 CEST,26727627,13,2
Thu 2020-05-07 02:06:30.750 CEST,26757098,13,2
Thu 2020-05-07 02:06:31.0 CEST,26788602,13,2
Thu 2020-05-07 02:06:31.250 CEST,26818026,13,2
Thu 2020-05-07 02:06:31.500 CEST,26848441,13,2
Thu 2020-05-07 02:06:31.750 CEST,26879810,13,2
Thu 2020-05-07 02:06:32.0 CEST,26909516,13,2
Thu 2020-05-07 02:06:32.250 CEST,26941127,13,2
Thu 2020-05-07 02:06:32.500 CEST,26972470,13,2
Thu 2020-05-07 02:06:32.750 CEST,27003770,13,2
Thu 2020-05-07 02:06:33.0 CEST,27034193,13,2
Thu 2020-05-07 02:06:33.250 CEST,27064573,13,2
Thu 2020-05-07 02:06:33.500 CEST,27096149,13,2
Thu 2020-05-07 02:06:33.750 CEST,27126947,13,2
Thu 2020-05-07 02:06:34.0 CEST,27157297,13,2
Thu 2020-05-07 02:06:34.250 CEST,27189416,13,2
Thu 2020-05-07 02:06:34.500 CEST,27221161,13,2
Thu 2020-05-07 02:06:34.750 CEST,27252486,13,2
Thu 2020-05-07 02:06:35.0 CEST,27284538,13,2
Thu 2020-05-07 02:06:35.250 CEST,27314878,13,2
Thu 2020-05-07 02:06:35.500 CEST,27346538,13,2
Thu 2020-05-07 02:06:35.750 CEST,27378571,13,2
Thu 2020-05-07 02:06:36.0 CEST,27408593,13,2
Thu 2020-05-07 02:06:36.250 CEST,27439556,13,2
Thu 2020-05-07 02:06:36.500 CEST,27471938,13,2
Thu 2020-05-07 02:06:36.750 CEST,27504426,13,2
Thu 2020-05-07 02:06:37.0 CEST,27535882,13,2
Thu 2020-05-07 02:06:37.250 CEST,27567261,13,2
Thu 2020-05-07 02:06:37.500 CEST,27598542,13,2
Thu 2020-05-07 02:06:37.750 CEST,27630755,13,2
Thu 2020-05-07 02:06:38.0 CEST,27661154,13,2
Thu 2020-05-07 02:06:38.250 CEST,27693102,13,2
Thu 2020-05-07 02:06:38.500 CEST,27725608,13,2
Thu 2020-05-07 02:06:38.750 CEST,27758298,13,2
Thu 2020-05-07 02:06:39.0 CEST,27789987,13,2
Thu 2020-05-07 02:06:39.250 CEST,27820788,13,2
Thu 2020-05-07 02:06:39.500 CEST,27852692,13,2
Thu 2020-05-07 02:06:39.750 CEST,27884734,13,2
Thu 2020-05-07 02:06:40.0 CEST,27915356,13,2
Thu 2020-05-07 02:06:40.250 CEST,27946343,13,2
Thu 2020-05-07 02:06:40.500 CEST,27977390,13,2
Thu 2020-05-07 02:06:40.750 CEST,28008942,13,2
Thu 2020-05-07 02:06:41.0 CEST,28040781,13,2
Thu 2020-05-07 02:06:41.250 CEST,28073841,13,2
Thu 2020-05-07 02:06:41.500 CEST,28106595,13,2
Thu 2020-05-07 02:06:41.750 CEST,28138717,13,2
Thu 2020-05-07 02:06:42.0 CEST,28171391,13,2
Thu 2020-05-07 02:06:42.250 CEST,28203349,13,2
Thu 2020-05-07 02:06:42.500 CEST,28234656,13,2
Thu 2020-05-07 02:06:42.750 CEST,28266772,13,2
Thu 2020-05-07 02:06:43.0 CEST,28298826,13,2
Thu 2020-05-07 02:06:43.250 CEST,28331513,13,2
Thu 2020-05-07 02:06:43.500 CEST,28363382,13,2
Thu 2020-05-07 02:06:43.750 CEST,28395544,13,2
Thu 2020-05-07 02:06:44.0 CEST,28426843,13,2
Thu 2020-05-07 02:06:44.250 CEST,28458709,13,2
Thu 2020-05-07 02:06:44.500 CEST,28490501,13,2
Thu 2020-05-07 02:06:44.750 CEST,28522764,13,2
Thu 2020-05-07 02:06:45.0 CEST,28555482,13,2
Thu 2020-05-07 02:06:45.250 CEST,28588429,13,2
Thu 2020-05-07 02:06:45.500 CEST,28619906,13,2
Thu 2020-05-07 02:06:45.750 CEST,28652826,13,2
Thu 2020-05-07 02:06:46.0 CEST,28684651,13,2
Thu 2020-05-07 02:06:46.250 CEST,28717930,13,2
Thu 2020-05-07 02:06:46.500 CEST,28750835,13,2
Thu 2020-05-07 02:06:46.750 CEST,28783574,13,2
Thu 2020-05-07 02:06:47.0 CEST,28817279,13,2
Thu 2020-05-07 02:06:47.250 CEST,28851242,13,2
Thu 2020-05-07 02:06:47.500 CEST,28883176,13,2
Thu 2020-05-07 02:06:47.750 CEST,28917022,13,2
Thu 2020-05-07 02:06:48.0 CEST,28949054,13,2
Thu 2020-05-07 02:06:48.250 CEST,28981046,13,2
Thu 2020-05-07 02:06:48.500 CEST,29013019,13,2
Thu 2020-05-07 02:06:48.750 CEST,29045831,13,2
Thu 2020-05-07 02:06:49.0 CEST,29079788,13,2
Thu 2020-05-07 02:06:49.250 CEST,29113384,13,2
Thu 2020-05-07 02:06:49.500 CEST,29147150,13,2
Thu 2020-05-07 02:06:49.750 CEST,29180177,13,2
Thu 2020-05-07 02:06:50.0 CEST,29212527,13,2
Thu 2020-05-07 02:06:50.250 CEST,29246325,13,2
Thu 2020-05-07 02:06:50.500 CEST,29280594,13,2
Thu 2020-05-07 02:06:50.750 CEST,29314088,13,2
Thu 2020-05-07 02:06:51.0 CEST,29347226,13,2
Thu 2020-05-07 02:06:51.250 CEST,29379980,13,2
Thu 2020-05-07 02:06:51.500 CEST,29414182,13,2
Thu 2020-05-07 02:06:51.750 CEST,29447565,13,2
Thu 2020-05-07 02:06:52.0 CEST,29480659,13,2
Thu 2020-05-07 02:06:52.250 CEST,29513127,13,2
Thu 2020-05-07 02:06:52.500 CEST,29547174,13,2
Thu 2020-05-07 02:06:52.750 CEST,29581789,13,2
Thu 2020-05-07 02:06:53.0 CEST,29615534,13,2
Thu 2020-05-07 02:06:53.250 CEST,29649788,13,2
Thu 2020-05-07 02:06:53.500 CEST,29683616,13,2
Thu 2020-05-07 02:06:53.750 CEST,29717844,13,2
Thu 2020-05-07 02:06:54.0 CEST,29751599,13,2
Thu 2020-05-07 02:06:54.250 CEST,29786483,13,2
Thu 2020-05-07 02:06:54.500 CEST,29819599,13,2
Thu 2020-05-07 02:06:54.750 CEST,29853172,13,2
Thu 2020-05-07 02:06:55.0 CEST,29888095,13,2
Thu 2020-05-07 02:06:55.250 CEST,29921151,13,2
Thu 2020-05-07 02:06:55.500 CEST,29954139,13,2
Thu 2020-05-07 02:06:55.750 CEST,29989027,13,2
Thu 2020-05-07 02:06:56.0 CEST,30022408,13,2
Thu 2020-05-07 02:06:56.250 CEST,30055666,13,2
Thu 2020-05-07 02:06:56.500 CEST,30088789,13,2
Thu 2020-05-07 02:06:56.750 CEST,30123915,13,2
Thu 2020-05-07 02:06:57.0 CEST,30158521,13,2
Thu 2020-05-07 02:06:57.250 CEST,30193561,13,2
Thu 2020-05-07 02:06:57.500 CEST,30227428,13,2
Thu 2020-05-07 02:06:57.750 CEST,30262462,13,2
Thu 2020-05-07 02:06:58.0 CEST,30296941,13,2
Thu 2020-05-07 02:06:58.250 CEST,30330681,13,2
Thu 2020-05-07 02:06:58.500 CEST,30364341,13,2
Thu 2020-05-07 02:06:58.750 CEST,30399890,13,2
Thu 2020-05-07 02:06:59.0 CEST,30433845,13,2
Thu 2020-05-07 02:06:59.250 CEST,30469132,13,2
Thu 2020-05-07 02:06:59.500 CEST,30503050,13,2
Thu 2020-05-07 02:06:59.750 CEST,30537886,13,2
Thu 2020-05-07 02:07:00.0 CEST,30573390,13,2
Thu 2020-05-07 02:07:00.250 CEST,30609068,13,2
Thu 2020-05-07 02:07:00.500 CEST,30643359,13,2
Thu 2020-05-07 02:07:00.750 CEST,30677847,13,2
Thu 2020-05-07 02:07:01.0 CEST,30712983,13,2
Thu 2020-05-07 02:07:01.250 CEST,30748233,13,2
Thu 2020-05-07 02:07:01.500 CEST,30784043,13,2
Thu 2020-05-07 02:07:01.750 CEST,30819992,13,2
Thu 2020-05-07 02:07:02.0 CEST,30854745,13,2
Thu 2020-05-07 02:07:02.250 CEST,30888690,13,2
Thu 2020-05-07 02:07:02.500 CEST,30923194,13,2
Thu 2020-05-07 02:07:02.750 CEST,30957379,13,2
Thu 2020-05-07 02:07:03.0 CEST,30993655,13,2
Thu 2020-05-07 02:07:03.250 CEST,31027983,13,2
Thu 2020-05-07 02:07:03.500 CEST,31064293,13,2
Thu 2020-05-07 02:07:03.750 CEST,31100713,13,2
Thu 2020-05-07 02:07:04.0 CEST,31135026,13,2
Thu 2020-05-07 02:07:04.250 CEST,31169183,13,2
Thu 2020-05-07 02:07:04.500 CEST,31205416,13,2
Thu 2020-05-07 02:07:04.750 CEST,31241386,13,2
Thu 2020-05-07 02:07:05.0 CEST,31277597,13,2
Thu 2020-05-07 02:07:05.250 CEST,31312274,13,2
Thu 2020-05-07 02:07:05.500 CEST,31347381,13,2
Thu 2020-05-07 02:07:05.750 CEST,31382137,13,2
Thu 2020-05-07 02:07:06.0 CEST,31416984,13,2
Thu 2020-05-07 02:07:06.250 CEST,31452581,13,2
Thu 2020-05-07 02:07:06.500 CEST,31487279,13,2
Thu 2020-05-07 02:07:06.750 CEST,31522837,13,2
Thu 2020-05-07 02:07:07.0 CEST,31558037,13,2
Thu 2020-05-07 02:07:07.250 CEST,31593333,13,2
Thu 2020-05-07 02:07:07.500 CEST,31629935,13,2
Thu 2020-05-07 02:07:07.750 CEST,31666810,13,2
Thu 2020-05-07 02:07:08.0 CEST,31703919,13,2
Thu 2020-05-07 02:07:08.250 CEST,31740908,13,2
Thu 2020-05-07 02:07:08.500 CEST,31775929,13,2
Thu 2020-05-07 02:07:08.750 CEST,31812231,13,2
Thu 2020-05-07 02:07:09.0 CEST,31848490,13,2
Thu 2020-05-07 02:07:09.250 CEST,31885704,13,2
Thu 2020-05-07 02:07:09.500 CEST,31921899,13,2
Thu 2020-05-07 02:07:09.750 CEST,31959219,13,2
Thu 2020-05-07 02:07:10.0 CEST,31996214,13,2
Thu 2020-05-07 02:07:10.250 CEST,32032711,13,2
Thu 2020-05-07 02:07:10.500 CEST,32068012,13,2
Thu 2020-05-07 02:07:10.750 CEST,32105040,13,2
Thu 2020-05-07 02:07:11.0 CEST,32141986,13,2
Thu 2020-05-07 02:07:11.250 CEST,32179244,13,2
Thu 2020-05-07 02:07:11.500 CEST,32216337,13,2
Thu 2020-05-07 02:07:11.750 CEST,32253605,13,2
Thu 2020-05-07 02:07:12.0 CEST,32290555,13,2
Thu 2020-05-07 02:07:12.250 CEST,32326979,13,2
Thu 2020-05-07 02:07:12.500 CEST,32363275,13,2
Thu 2020-05-07 02:07:12.750 CEST,32399457,13,2
Thu 2020-05-07 02:07:13.0 CEST,32435943,13,2
Thu 2020-05-07 02:07:13.250 CEST,32473130,13,2
Thu 2020-05-07 02:07:13.500 CEST,32509815,13,2
Thu 2020-05-07 02:07:13.750 CEST,32546856,13,2
Thu 2020-05-07 02:07:14.0 CEST,32582909,13,2
Thu 2020-05-07 02:07:14.250 CEST,32619489,13,2
Thu 2020-05-07 02:07:14.500 CEST,32655282,13,2
Thu 2020-05-07 02:07:14.750 CEST,32691656,13,2
Thu 2020-05-07 02:07:15.0 CEST,32729051,13,2
Thu 2020-05-07 02:07:15.250 CEST,32766491,13,2
Thu 2020-05-07 02:07:15.500 CEST,32802347,13,2
Thu 2020-05-07 02:07:15.750 CEST,32839419,13,2
Thu 2020-05-07 02:07:16.0 CEST,32876815,13,2
Thu 2020-05-07 02:07:16.250 CEST,32913021,13,2
Thu 2020-05-07 02:07:16.500 CEST,32949286,13,2
Thu 2020-05-07 02:07:16.750 CEST,32985358,13,2
Thu 2020-05-07 02:07:17.0 CEST,33023558,13,2
Thu 2020-05-07 02:07:17.250 CEST,33060761,13,2
Thu 2020-05-07 02:07:17.500 CEST,33098857,13,2
Thu 2020-05-07 02:07:17.750 CEST,33136753,13,2
Thu 2020-05-07 02:07:18.0 CEST,33175081,13,2
Thu 2020-05-07 02:07:18.250 CEST,33213504,13,2
Thu 2020-05-07 02:07:18.500 CEST,33250580,13,2
